Source,Target,Count
1분마뫄,강지,1.0
1분마뫄,러너,11.0
1분마뫄,백곰파,0.25
1분마뫄,빅헤드,3.0
1분마뫄,사모장,0.25
1분마뫄,서넹,1.0
1분마뫄,일루전 ILLUSION,1.0
1분마뫄,쫀득TV,1.0
1분마뫄,치킨쿤,1.0
1분마뫄,코렛트YouTube,2.0
1분마뫄,푸린,1.0
1분마뫄,행돌,2.0
Bang,T1 Faker,7.0
Bang,괴물쥐 유튜브,1.0
Bang,김뿡,2.0
Bang,동수칸TV,1.0
Bang,따효니DDaHyoNi,3.0
Bang,삼식,1.0
Bang,순당무,1.0
Bang,인간젤리,1.0
Bang,캡틴잭,1.0
Bang,플레임[이호종],1.0
Bang,피닉스박,3.0
DawNHS,허니츄러스 HoneyChurros,1.0
Hyang Ah Chi 향아치,강소연 Youtube,0.25
Hyang Ah Chi 향아치,뇨롱이_YouTube,0.25
Hyang Ah Chi 향아치,델로략국,0.25
Hyang Ah Chi 향아치,라디유,3.75
Hyang Ah Chi 향아치,러끼,3.25
Hyang Ah Chi 향아치,마레플로스,2.25
Hyang Ah Chi 향아치,백곰파,0.25
Hyang Ah Chi 향아치,세노,2.0
Hyang Ah Chi 향아치,앵보,1.25
Hyang Ah Chi 향아치,양띵 유튜브,0.25
Hyang Ah Chi 향아치,여까네 유튜브,0.25
Hyang Ah Chi 향아치,연비니,2.0
Hyang Ah Chi 향아치,왈도쿤,0.5
Hyang Ah Chi 향아치,유콘,2.0
Hyang Ah Chi 향아치,이오몽,1.5
Hyang Ah Chi 향아치,장마군,0.25
KevinStudio 케빈스튜디오,LookSam,2.0
KevinStudio 케빈스튜디오,강지,2.0
KevinStudio 케빈스튜디오,꽃핀,1.25
KevinStudio 케빈스튜디오,뇨롱이_YouTube,1.25
KevinStudio 케빈스튜디오,디디디용 DDDDragon,1.25
KevinStudio 케빈스튜디오,마레플로스,1.25
KevinStudio 케빈스튜디오,망내 MangNae,1.25
KevinStudio 케빈스튜디오,아구이뽀 A924,1.25
KevinStudio 케빈스튜디오,이로나묭 치카 【Ch. Mao Chika】,1.25
KevinStudio 케빈스튜디오,이초홍,1.25
KevinStudio 케빈스튜디오,장마군,2.0
KevinStudio 케빈스튜디오,철면수심,2.0
KevinStudio 케빈스튜디오,플레임[이호종],0.25
LookSam,KevinStudio 케빈스튜디오,2.0
LookSam,강지,2.25
LookSam,꽃핀,1.25
LookSam,너불,0.25
LookSam,뇨롱이_YouTube,1.25
LookSam,디디디용 DDDDragon,1.25
LookSam,따효니DDaHyoNi,1.0
LookSam,마레플로스,1.25
LookSam,망내 MangNae,1.25
LookSam,멋사유튜브,0.25
LookSam,삼식,1.0
LookSam,시라유키 히나 SHIRAYUKI HINA,1.0
LookSam,아구이뽀 A924,1.25
LookSam,양띵 유튜브,0.25
LookSam,연비니,0.25
LookSam,이로나묭 치카 【Ch. Mao Chika】,1.25
LookSam,이초홍,1.25
LookSam,임나은,0.25
LookSam,장마군,2.0
LookSam,철면수심,2.0
MadLife TV,Wolf,1.0
MadLife TV,나부,1.0
MadLife TV,류제홍 RYUJEHONG,1.0
MadLife TV,이춘향,1.0
MadLife TV,캡틴잭,1.0
Official dopa,얍얍,1.0
Official dopa,플레임[이호종],1.0
PAKA,강지,0.25
PAKA,괴물쥐 유튜브,0.5
PAKA,삼식,0.25
PAKA,서넹,0.25
PAKA,양띵 유튜브,0.25
PAKA,콩콩이다,0.25
PAKA,플레임[이호종],0.25
PAKA,피닉스박,0.25
PAKA,후추,0.25
T1 Faker,강지,0.25
T1 Faker,김뿡,0.25
T1 Faker,삼식,0.25
T1 Faker,양띵 유튜브,0.25
T1 Faker,탬탬버린,0.25
Wolf,이춘향,0.25
YouTube지누,강소연 Youtube,1.0
YouTube지누,강지,1.0
YouTube지누,금사향,0.25
YouTube지누,김똘복,4.0
YouTube지누,김뚜띠,1.0
YouTube지누,김뿡,4.25
YouTube지누,꽃핀,0.75
YouTube지누,나나양,1.5
YouTube지누,너불,2.0
YouTube지누,노돌리,0.25
YouTube지누,뇨롱이_YouTube,0.5
YouTube지누,다주,1.75
YouTube지누,따효니DDaHyoNi,0.5
YouTube지누,똘킹,1.0
YouTube지누,램램,1.25
YouTube지누,루태TV,0.5
YouTube지누,만득유튜브,0.25
YouTube지누,백곰파,1.0
YouTube지누,빅헤드,0.5
YouTube지누,삼식,0.75
YouTube지누,서넹,0.75
YouTube지누,설백,2.0
YouTube지누,수닝유튜브,0.25
YouTube지누,실프,0.75
YouTube지누,아구이뽀 A924,2.5
YouTube지누,악녀,3.5
YouTube지누,양띵 유튜브,0.25
YouTube지누,연비니,2.0
YouTube지누,왈도쿤,0.25
YouTube지누,유즈하 리코 YUZUHA RIKO,0.25
YouTube지누,이오몽,0.25
YouTube지누,이초홍,0.5
YouTube지누,이춘향,1.25
YouTube지누,임나은,1.5
YouTube지누,장마군,0.25
YouTube지누,중력유튜브,0.25
YouTube지누,쫀득TV,0.5
YouTube지누,채현찌,5.0
YouTube지누,치킨쿤,0.75
YouTube지누,코렛트YouTube,1.0
YouTube지누,콩콩이다,0.5
YouTube지누,탬탬버린,3.25
YouTube지누,텐코 시부키 TENKO SHIBUKI,0.25
YouTube지누,푸린,0.25
YouTube지누,피닉스박,0.75
YouTube지누,핑맨,0.25
YouTube지누,행돌,0.25
YouTube지누,후추,0.5
Youtube고차비,강지,2.5
Youtube고차비,괴물쥐 유튜브,0.25
Youtube고차비,금사향,0.25
Youtube고차비,김똘복,0.25
Youtube고차비,김뚜띠,0.5
Youtube고차비,김뿡,1.25
Youtube고차비,꽃핀,0.25
Youtube고차비,나나양,3.75
Youtube고차비,너불,2.25
Youtube고차비,다주,0.5
Youtube고차비,댕균,0.25
Youtube고차비,램램,2.0
Youtube고차비,레드,1.0
Youtube고차비,백곰파,0.75
Youtube고차비,빅헤드,0.25
Youtube고차비,삼식,0.5
Youtube고차비,시라유키 히나 SHIRAYUKI HINA,0.25
Youtube고차비,실프,0.5
Youtube고차비,아구이뽀 A924,1.0
Youtube고차비,아라하시 타비 ARAHASHI TABI,2.0
Youtube고차비,아야츠노 유니 AYATSUNO YUNI,0.25
Youtube고차비,악녀,0.25
Youtube고차비,악동 김블루,0.5
Youtube고차비,왈도쿤,3.0
Youtube고차비,위도 W2RDØ,1.0
Youtube고차비,윤가놈,0.25
Youtube고차비,임나은,0.25
Youtube고차비,쫀득TV,0.5
Youtube고차비,탬탬버린,0.25
Youtube고차비,텐코 시부키 TENKO SHIBUKI,0.5
Youtube고차비,푸린,1.25
Youtube고차비,플레임[이호종],0.25
Youtube고차비,피닉스박,3.25
Youtube고차비,하나코 나나 HANAKO NANA,0.5
Youtube고차비,행돌,0.25
Youtube고차비,후추,0.25
각별,공룡,11.25
각별,꼬예유 & 한예찬의 게임저장소,0.25
각별,잠뜰 TV,3.75
각별,코마,13.25
각별,파이브,0.25
각별,파크모,0.25
각별,플래그,0.25
감블러,김뚜띠,1.0
감블러,김뿡,3.5
감블러,꽃핀,0.25
감블러,똘킹,0.5
감블러,순당무,1.0
감블러,실프,1.0
감블러,양아지,0.25
감블러,이춘향,4.25
감블러,인간젤리,0.25
감블러,치킨쿤,1.0
감블러,코렛트YouTube,2.25
감블러,탬탬버린,4.25
감블러,포피셜,1.0
감블러,플레임[이호종],0.25
감스트GAMST,두치와뿌꾸,4.0
강소연 Youtube,Hyang Ah Chi 향아치,0.25
강소연 Youtube,YouTube지누,1.0
강소연 Youtube,강지,0.5
강소연 Youtube,뇨롱이_YouTube,0.75
강소연 Youtube,다주,9.0
강소연 Youtube,담유이 DamYui,0.25
강소연 Youtube,델로략국,0.25
강소연 Youtube,동수칸TV,0.25
강소연 Youtube,디디디용 DDDDragon,9.75
강소연 Youtube,따효니DDaHyoNi,2.0
강소연 Youtube,램램,3.0
강소연 Youtube,러끼,0.25
강소연 Youtube,러너,0.25
강소연 Youtube,마레플로스,1.75
강소연 Youtube,백곰파,0.25
강소연 Youtube,삼식,0.5
강소연 Youtube,서넹,0.5
강소연 Youtube,순당무,0.25
강소연 Youtube,악녀,0.25
강소연 Youtube,앵보,0.25
강소연 Youtube,양띵 유튜브,1.75
강소연 Youtube,여까네 유튜브,0.25
강소연 Youtube,왈도쿤,0.5
강소연 Youtube,이오몽,0.25
강소연 Youtube,이초홍,2.0
강소연 Youtube,이춘향,0.5
강소연 Youtube,인간젤리,1.25
강소연 Youtube,장마군,2.5
강소연 Youtube,철면수심,1.25
강소연 Youtube,초승달,1.25
강소연 Youtube,치킨쿤,0.25
강소연 Youtube,캡틴잭,0.25
강소연 Youtube,콩콩이다,0.25
강소연 Youtube,탬탬버린,1.25
강소연 Youtube,포포포포 POPOPOPO,3.0
강소연 Youtube,플레임[이호종],10.25
강소연 Youtube,피닉스박,1.0
강소연 Youtube,핑맨,0.25
강소연 Youtube,허니츄러스 HoneyChurros,0.5
강소연 Youtube,후추,1.5
강지,KevinStudio 케빈스튜디오,2.0
강지,LookSam,2.25
강지,PAKA,0.25
강지,T1 Faker,0.25
강지,YouTube지누,5.0
강지,Youtube고차비,6.5
강지,강소연 Youtube,1.5
강지,괴물쥐 유튜브,1.0
강지,금사향,0.25
강지,금휘,0.5
강지,김똘복,2.0
강지,김뚜띠,8.5
강지,김뿡,7.75
강지,꽃핀,1.25
강지,나나양,1.25
강지,너불,3.75
강지,네네코 마시로 NENEKO MASHIRO,1.25
강지,노돌리,1.25
강지,뇨롱이_YouTube,1.5
강지,다주,3.0
강지,댕균,0.25
강지,델로략국,0.25
강지,동수칸TV,0.75
강지,디디디용 DDDDragon,1.25
강지,따효니DDaHyoNi,0.5
강지,램램,1.75
강지,레드,2.25
강지,마레플로스,1.25
강지,망내 MangNae,1.25
강지,멋사유튜브,0.25
강지,명예훈장,0.25
강지,백곰파,17.5
강지,빅헤드,1.75
강지,사모장,0.25
강지,사키하네 후야 SAKIHANE HUYA,1.0
강지,삼식,3.0
강지,서넹,0.25
강지,설백,0.25
강지,시라유키 히나 SHIRAYUKI HINA,1.25
강지,실프,5.0
강지,아구이뽀 A924,3.0
강지,아라하시 타비 ARAHASHI TABI,2.0
강지,아야츠노 유니 AYATSUNO YUNI,3.0
강지,아오쿠모 린 AOKUMO RIN,0.25
강지,아카네 리제 AKANE LIZE,1.25
강지,악녀,7.0
강지,악동 김블루,9.25
강지,양띵 유튜브,2.25
강지,연비니,0.5
강지,유즈하 리코 YUZUHA RIKO,2.25
강지,윤이샘,0.25
강지,이로나묭 치카 【Ch. Mao Chika】,1.25
강지,이초홍,1.25
강지,이춘향,5.75
강지,인간젤리,0.25
강지,임나은,5.5
강지,장마군,3.0
강지,채현찌,1.5
강지,철면수심,3.25
강지,치킨쿤,0.25
강지,탬탬버린,7.75
강지,텐코 시부키 TENKO SHIBUKI,4.0
강지,풍월량,0.25
강지,플레임[이호종],1.25
강지,피닉스박,4.0
강지,핑맨,3.5
강지,하나코 나나 HANAKO NANA,1.0
강지,행돌,1.75
강지,후추,1.0
강퀴TV,악녀,1.0
강퀴TV,푸린,1.0
견자희 스튜디오,공파리파,0.25
견자희 스튜디오,너불,0.75
견자희 스튜디오,아구이뽀 A924,0.25
견자희 스튜디오,쫀득TV,0.25
견자희 스튜디오,푸린,0.25
견자희 스튜디오,핑맨,0.75
계화,러끼,2.0
계화,백곰파,1.0
계화,장마군,1.0
공룡,각별,15.25
공룡,꼬예유 & 한예찬의 게임저장소,0.25
공룡,너불,0.25
공룡,우융,0.5
공룡,잠뜰 TV,8.5
공룡,코마,16.75
공룡,파이브,0.75
공룡,파크모,0.25
공룡,플래그,0.75
공룡,핑맨,0.25
공파리파,견자희 스튜디오,0.25
공파리파,모아,1.0
공파리파,아구이뽀 A924,0.25
공파리파,쫀득TV,0.25
공파리파,푸린,0.25
괴물쥐 유튜브,PAKA,0.5
괴물쥐 유튜브,Youtube고차비,0.25
괴물쥐 유튜브,김똘복,0.25
괴물쥐 유튜브,김뿡,0.5
괴물쥐 유튜브,너불,0.25
괴물쥐 유튜브,다주,0.5
괴물쥐 유튜브,동수칸TV,1.75
괴물쥐 유튜브,랄로,0.25
괴물쥐 유튜브,레드,0.5
괴물쥐 유튜브,멋사유튜브,0.25
괴물쥐 유튜브,명예훈장,0.75
괴물쥐 유튜브,백곰파,0.25
괴물쥐 유튜브,사모장,0.25
괴물쥐 유튜브,삼식,0.25
괴물쥐 유튜브,서넹,0.5
괴물쥐 유튜브,순당무,0.5
괴물쥐 유튜브,실프,1.0
괴물쥐 유튜브,악어 유튜브,0.25
괴물쥐 유튜브,양띵 유튜브,1.0
괴물쥐 유튜브,유즈하 리코 YUZUHA RIKO,0.25
괴물쥐 유튜브,이춘향,0.5
괴물쥐 유튜브,중력유튜브,0.25
괴물쥐 유튜브,콩콩이다,0.25
괴물쥐 유튜브,플레임[이호종],1.25
괴물쥐 유튜브,피닉스박,2.25
괴물쥐 유튜브,핑맨,0.75
괴물쥐 유튜브,후추,0.25
군림보,명예훈장,1.0
금사향,YouTube지누,2.25
금사향,Youtube고차비,0.25
금사향,강지,0.25
금사향,김똘복,0.25
금사향,김뿡,0.25
금사향,꽃핀,0.25
금사향,나나양,0.25
금사향,나부,1.0
금사향,너불,1.75
금사향,뇨롱이_YouTube,0.25
금사향,모아,1.0
금사향,백곰파,0.25
금사향,부쿠키,0.25
금사향,빅헤드,1.0
금사향,사모장,0.25
금사향,삼식,0.5
금사향,설백,0.25
금사향,시라유키 히나 SHIRAYUKI HINA,0.25
금사향,실프,0.5
금사향,아구이뽀 A924,0.5
금사향,악녀,0.25
금사향,양띵 유튜브,1.0
금사향,양아지,0.5
금사향,연비니,0.25
금사향,위도 W2RDØ,2.25
금사향,유즈하 리코 YUZUHA RIKO,0.25
금사향,윤이샘,1.0
금사향,이로나묭 치카 【Ch. Mao Chika】,0.25
금사향,임나은,0.75
금사향,채현찌,0.25
금사향,탬탬버린,0.25
금사향,핑맨,0.25
금사향,하나코 나나 HANAKO NANA,0.25
금사향,행돌,0.25
금휘,강지,0.5
금휘,나나양,0.25
금휘,뇨롱이_YouTube,0.5
금휘,동수칸TV,0.25
금휘,레드,0.25
금휘,명예훈장,0.25
금휘,백곰파,2.75
금휘,양띵 유튜브,0.5
금휘,왈도쿤,0.75
금휘,이초홍,0.25
금휘,장마군,0.25
금휘,쫀득TV,4.0
금휘,채현찌,0.5
금휘,탬탬버린,0.25
금휘,후추,1.25
김똘복,YouTube지누,4.0
김똘복,Youtube고차비,0.25
김똘복,강지,1.0
김똘복,괴물쥐 유튜브,0.25
김똘복,금사향,0.25
김똘복,김뚜띠,0.75
김똘복,김뿡,3.0
김똘복,꽃핀,0.75
김똘복,나나양,0.75
김똘복,나부,1.0
김똘복,너불,0.5
김똘복,뇨롱이_YouTube,0.25
김똘복,다주,0.25
김똘복,동수칸TV,1.0
김똘복,램램,0.25
김똘복,레드,0.5
김똘복,명예훈장,0.75
김똘복,백곰파,1.25
김똘복,빅헤드,0.25
김똘복,사모장,0.25
김똘복,서넹,0.75
김똘복,설백,3.25
김똘복,실프,1.25
김똘복,아구이뽀 A924,1.25
김똘복,악녀,1.75
김똘복,양띵 유튜브,1.5
김똘복,연비니,0.5
김똘복,유즈하 리코 YUZUHA RIKO,0.25
김똘복,이로나묭 치카 【Ch. Mao Chika】,0.25
김똘복,이초홍,0.5
김똘복,이춘향,1.0
김똘복,임나은,2.0
김똘복,채현찌,1.75
김똘복,탬탬버린,1.25
김똘복,텐코 시부키 TENKO SHIBUKI,0.25
김똘복,플레임[이호종],0.25
김똘복,피닉스박,0.25
김똘복,핑맨,1.5
김똘복,행돌,0.25
김똘복,허니츄러스 HoneyChurros,2.0
김똘복,후추,0.25
김뚜띠,YouTube지누,1.0
김뚜띠,Youtube고차비,0.5
김뚜띠,강지,0.5
김뚜띠,김똘복,0.75
김뚜띠,김뿡,1.5
김뚜띠,나나양,5.5
김뚜띠,너불,0.25
김뚜띠,다주,0.5
김뚜띠,따효니DDaHyoNi,0.5
김뚜띠,램램,0.5
김뚜띠,명예훈장,0.25
김뚜띠,백곰파,0.5
김뚜띠,빅헤드,0.25
김뚜띠,삼식,1.5
김뚜띠,시라유키 히나 SHIRAYUKI HINA,0.5
김뚜띠,아구이뽀 A924,0.25
김뚜띠,악녀,0.75
김뚜띠,악동 김블루,0.25
김뚜띠,양아지,0.25
김뚜띠,이춘향,4.25
김뚜띠,임나은,1.25
김뚜띠,장마군,0.25
김뚜띠,탬탬버린,4.0
김뚜띠,텐코 시부키 TENKO SHIBUKI,0.25
김뚜띠,피닉스박,0.5
김뚜띠,핑맨,0.75
김뚜띠,행돌,1.5
김뿡,T1 Faker,0.25
김뿡,YouTube지누,6.25
김뿡,Youtube고차비,1.25
김뿡,감블러,0.5
김뿡,강지,1.75
김뿡,괴물쥐 유튜브,0.5
김뿡,금사향,0.25
김뿡,김똘복,3.0
김뿡,김뚜띠,1.5
김뿡,꽃핀,0.25
김뿡,나나양,2.0
김뿡,너불,0.75
김뿡,뇨롱이_YouTube,0.75
김뿡,다주,1.25
김뿡,댕균,0.25
김뿡,델로략국,0.25
김뿡,동수칸TV,1.75
김뿡,따효니DDaHyoNi,0.5
김뿡,램램,1.25
김뿡,레드,1.5
김뿡,명예훈장,2.0
김뿡,백곰파,1.5
김뿡,빅헤드,0.5
김뿡,쁘허,0.25
김뿡,사모장,0.25
김뿡,삼식,1.5
김뿡,서넹,0.5
김뿡,설백,1.75
김뿡,시라유키 히나 SHIRAYUKI HINA,0.25
김뿡,실프,2.75
김뿡,아구이뽀 A924,1.5
김뿡,아라하시 타비 ARAHASHI TABI,0.5
김뿡,아야 AyaUke,0.25
김뿡,악녀,2.5
김뿡,얍얍,0.25
김뿡,양띵 유튜브,2.5
김뿡,연비니,2.25
김뿡,유즈하 리코 YUZUHA RIKO,0.5
김뿡,이로나묭 치카 【Ch. Mao Chika】,0.25
김뿡,이오몽,0.25
김뿡,이초홍,0.5
김뿡,이춘향,1.75
김뿡,인간젤리,0.5
김뿡,임나은,1.75
김뿡,채현찌,2.25
김뿡,치킨쿤,0.25
김뿡,캡틴잭,0.25
김뿡,탬탬버린,5.0
김뿡,텐코 시부키 TENKO SHIBUKI,1.0
김뿡,플레임[이호종],1.25
김뿡,피닉스박,3.25
김뿡,핑맨,1.75
김뿡,행돌,0.5
김뿡,허니츄러스 HoneyChurros,0.25
김뿡,후추,0.25
김왼팔,악녀,0.25
꼬예유 & 한예찬의 게임저장소,각별,0.25
꼬예유 & 한예찬의 게임저장소,공룡,1.25
꼬예유 & 한예찬의 게임저장소,램램,1.0
꼬예유 & 한예찬의 게임저장소,백곰파,0.25
꼬예유 & 한예찬의 게임저장소,우융,2.0
꼬예유 & 한예찬의 게임저장소,조밈,5.0
꼬예유 & 한예찬의 게임저장소,코마,5.0
꼬예유 & 한예찬의 게임저장소,코아 TV,1.25
꼬예유 & 한예찬의 게임저장소,파이브,9.25
꼬예유 & 한예찬의 게임저장소,파크모,0.25
꼬예유 & 한예찬의 게임저장소,플래그,1.25
꽃핀,KevinStudio 케빈스튜디오,1.25
꽃핀,LookSam,1.25
꽃핀,YouTube지누,1.75
꽃핀,Youtube고차비,0.25
꽃핀,감블러,0.25
꽃핀,강지,1.25
꽃핀,금사향,0.25
꽃핀,김똘복,0.75
꽃핀,김뿡,0.25
꽃핀,끠끼,0.25
꽃핀,나나양,0.75
꽃핀,너불,0.5
꽃핀,뇨롱이_YouTube,1.25
꽃핀,디디디용 DDDDragon,1.5
꽃핀,똘킹,0.25
꽃핀,램램,1.5
꽃핀,마레플로스,1.75
꽃핀,망내 MangNae,1.25
꽃핀,머독,0.25
꽃핀,모아,1.0
꽃핀,백곰파,0.5
꽃핀,빅헤드,0.25
꽃핀,쁘허,0.5
꽃핀,설백,3.25
꽃핀,수탉,0.25
꽃핀,아구이뽀 A924,2.0
꽃핀,악녀,0.75
꽃핀,앵보,1.5
꽃핀,양아지,2.25
꽃핀,연비니,0.25
꽃핀,왈도쿤,0.5
꽃핀,유콘,1.5
꽃핀,윤이샘,0.25
꽃핀,이로나묭 치카 【Ch. Mao Chika】,1.25
꽃핀,이초홍,1.25
꽃핀,임나은,1.25
꽃핀,장마군,1.25
꽃핀,짬타수아,0.25
꽃핀,쫀득TV,0.25
꽃핀,채현찌,0.75
꽃핀,철면수심,1.25
꽃핀,치킨쿤,0.5
꽃핀,탬탬버린,0.25
꽃핀,푸린,2.0
꽃핀,허니츄러스 HoneyChurros,0.25
끠끼,YouTube지누,1.0
끠끼,감블러,1.0
끠끼,꽃핀,0.25
끠끼,머독,17.25
끠끼,빅헤드,0.25
끠끼,수탉,16.25
끠끼,짬타수아,0.25
나나양,YouTube지누,6.5
나나양,Youtube고차비,0.75
나나양,강지,1.25
나나양,금사향,0.25
나나양,금휘,0.25
나나양,김똘복,0.75
나나양,김뚜띠,4.5
나나양,김뿡,2.0
나나양,꽃핀,0.75
나나양,나부,1.0
나나양,너불,1.5
나나양,뇨롱이_YouTube,3.0
나나양,담유이 DamYui,0.25
나나양,댕균,0.25
나나양,동수칸TV,0.25
나나양,램램,7.75
나나양,러너,1.0
나나양,빅헤드,0.25
나나양,설백,1.25
나나양,실프,1.5
나나양,아구이뽀 A924,0.75
나나양,악녀,4.0
나나양,악동 김블루,2.25
나나양,양띵 유튜브,0.25
나나양,연비니,1.75
나나양,윤이샘,0.25
나나양,이초홍,0.5
나나양,이춘향,2.0
나나양,임나은,0.75
나나양,채현찌,1.5
나나양,탬탬버린,13.5
나나양,푸린,1.75
나나양,플레임[이호종],0.25
나나양,피닉스박,0.75
나나양,행돌,0.25
나나양,후추,1.0
나부,다주,0.25
나부,삼식,0.25
나부,서넹,0.25
나부,양띵 유튜브,0.25
나부,후추,0.25
너불,LookSam,0.25
너불,YouTube지누,4.0
너불,Youtube고차비,0.25
너불,강지,5.75
너불,견자희 스튜디오,0.75
너불,공룡,0.25
너불,괴물쥐 유튜브,0.25
너불,금사향,1.75
너불,금휘,1.0
너불,김똘복,0.5
너불,김뚜띠,0.25
너불,김뿡,4.75
너불,꽃핀,0.5
너불,나나양,1.5
너불,뇨롱이_YouTube,1.5
너불,다주,0.5
너불,디디디용 DDDDragon,1.5
너불,따효니DDaHyoNi,0.5
너불,러너,0.75
너불,레드,1.0
너불,만득유튜브,25.0
너불,멋사유튜브,21.5
너불,빅헤드,1.75
너불,삼식,0.5
너불,서넹,0.25
너불,설백,1.75
너불,수닝유튜브,25.0
너불,시라유키 히나 SHIRAYUKI HINA,1.25
너불,실프,1.5
너불,아구이뽀 A924,2.0
너불,아라하시 타비 ARAHASHI TABI,1.5
너불,아야츠노 유니 AYATSUNO YUNI,3.0
너불,악녀,2.0
너불,악어 유튜브,21.25
너불,양띵 유튜브,0.5
너불,연비니,0.75
너불,오화요 Ohwayo,0.5
너불,유즈하 리코 YUZUHA RIKO,0.25
너불,윤이샘,0.25
너불,이로나묭 치카 【Ch. Mao Chika】,0.25
너불,이춘향,0.75
너불,임나은,4.0
너불,장마군,1.25
너불,중력유튜브,46.25
너불,쫀득TV,0.25
너불,채현찌,5.75
너불,탬탬버린,4.0
너불,텐코 시부키 TENKO SHIBUKI,1.5
너불,푸린,0.5
너불,피닉스박,0.5
너불,핑맨,53.75
너불,하나코 나나 HANAKO NANA,0.5
너불,행돌,0.5
너불,허니츄러스 HoneyChurros,1.0
너불,후추,0.5
네네코 마시로 NENEKO MASHIRO,강지,1.25
네네코 마시로 NENEKO MASHIRO,사키하네 후야 SAKIHANE HUYA,1.5
네네코 마시로 NENEKO MASHIRO,시라유키 히나 SHIRAYUKI HINA,1.0
네네코 마시로 NENEKO MASHIRO,아라하시 타비 ARAHASHI TABI,1.75
네네코 마시로 NENEKO MASHIRO,아야츠노 유니 AYATSUNO YUNI,1.75
네네코 마시로 NENEKO MASHIRO,아오쿠모 린 AOKUMO RIN,1.0
네네코 마시로 NENEKO MASHIRO,아카네 리제 AKANE LIZE,1.75
네네코 마시로 NENEKO MASHIRO,유즈하 리코 YUZUHA RIKO,1.5
네네코 마시로 NENEKO MASHIRO,텐코 시부키 TENKO SHIBUKI,2.0
네네코 마시로 NENEKO MASHIRO,하나코 나나 HANAKO NANA,1.25
노돌리,YouTube지누,0.25
노돌리,강지,0.25
노돌리,다주,1.0
노돌리,동수칸TV,0.25
노돌리,명예훈장,0.5
노돌리,백곰파,0.25
노돌리,빅헤드,0.5
노돌리,실프,0.25
노돌리,악녀,0.5
노돌리,탬탬버린,0.5
노돌리,하나코 나나 HANAKO NANA,0.25
뇨롱이_YouTube,Hyang Ah Chi 향아치,3.25
뇨롱이_YouTube,KevinStudio 케빈스튜디오,1.25
뇨롱이_YouTube,LookSam,1.25
뇨롱이_YouTube,YouTube지누,11.5
뇨롱이_YouTube,강소연 Youtube,10.75
뇨롱이_YouTube,강지,3.5
뇨롱이_YouTube,금사향,0.25
뇨롱이_YouTube,금휘,1.5
뇨롱이_YouTube,김똘복,1.25
뇨롱이_YouTube,김뿡,4.75
뇨롱이_YouTube,꽃핀,1.25
뇨롱이_YouTube,나나양,6.0
뇨롱이_YouTube,너불,2.5
뇨롱이_YouTube,다주,1.25
뇨롱이_YouTube,델로략국,0.5
뇨롱이_YouTube,동수칸TV,0.25
뇨롱이_YouTube,디디디용 DDDDragon,4.5
뇨롱이_YouTube,따효니DDaHyoNi,2.0
뇨롱이_YouTube,러끼,0.25
뇨롱이_YouTube,러너,1.0
뇨롱이_YouTube,레드,0.25
뇨롱이_YouTube,마레플로스,16.5
뇨롱이_YouTube,망내 MangNae,1.25
뇨롱이_YouTube,명예훈장,0.25
뇨롱이_YouTube,미녕이데려오깨,1.0
뇨롱이_YouTube,백곰파,6.5
뇨롱이_YouTube,빅헤드,1.0
뇨롱이_YouTube,사모장,1.25
뇨롱이_YouTube,설백,1.5
뇨롱이_YouTube,실프,2.25
뇨롱이_YouTube,아구이뽀 A924,3.25
뇨롱이_YouTube,악녀,1.25
뇨롱이_YouTube,앵보,1.0
뇨롱이_YouTube,양띵 유튜브,0.5
뇨롱이_YouTube,양아지,1.0
뇨롱이_YouTube,여까네 유튜브,0.5
뇨롱이_YouTube,연비니,6.75
뇨롱이_YouTube,왈도쿤,2.75
뇨롱이_YouTube,윤이샘,0.25
뇨롱이_YouTube,이로나묭 치카 【Ch. Mao Chika】,1.5
뇨롱이_YouTube,이오몽,0.25
뇨롱이_YouTube,이초홍,4.25
뇨롱이_YouTube,임나은,1.5
뇨롱이_YouTube,장마군,21.75
뇨롱이_YouTube,채현찌,6.0
뇨롱이_YouTube,철면수심,2.25
뇨롱이_YouTube,초승달,1.0
뇨롱이_YouTube,캡틴잭,1.0
뇨롱이_YouTube,탬탬버린,6.5
뇨롱이_YouTube,텐코 시부키 TENKO SHIBUKI,1.0
뇨롱이_YouTube,플레임[이호종],1.25
뇨롱이_YouTube,핑맨,0.25
뇨롱이_YouTube,행돌,0.75
뇨롱이_YouTube,허니츄러스 HoneyChurros,1.0
뇨롱이_YouTube,후추,1.5
다주,PAKA,1.0
다주,YouTube지누,1.75
다주,Youtube고차비,0.5
다주,강소연 Youtube,4.0
다주,강지,1.0
다주,괴물쥐 유튜브,1.5
다주,김똘복,0.25
다주,김뚜띠,0.5
다주,김뿡,1.25
다주,나부,0.25
다주,너불,0.5
다주,뇨롱이_YouTube,0.25
다주,댕균,0.25
다주,동수칸TV,2.5
다주,따효니DDaHyoNi,1.0
다주,램램,1.5
다주,레드,2.0
다주,루태TV,9.75
다주,마레플로스,0.25
다주,만득유튜브,0.25
다주,멋사유튜브,0.25
다주,명예훈장,2.75
다주,모아,1.5
다주,백곰파,0.5
다주,쁘허,0.25
다주,삐부찡,0.25
다주,사모장,0.25
다주,삼식,149.75
다주,서넹,149.75
다주,시라유키 히나 SHIRAYUKI HINA,0.25
다주,실프,2.25
다주,아라하시 타비 ARAHASHI TABI,0.5
다주,아론 페이지,0.25
다주,아야 AyaUke,0.25
다주,아야츠노 유니 AYATSUNO YUNI,0.25
다주,악녀,0.25
다주,악동 김블루,0.25
다주,양띵 유튜브,145.75
다주,연비니,0.5
다주,이초홍,0.5
다주,이춘향,0.5
다주,인간젤리,0.25
다주,임나은,0.5
다주,장마군,0.5
다주,채현찌,0.75
다주,철면수심,0.25
다주,캡틴잭,0.25
다주,콩콩이다,123.5
다주,탬탬버린,2.25
다주,텐코 시부키 TENKO SHIBUKI,0.25
다주,포피셜,1.0
다주,플레임[이호종],2.0
다주,피닉스박,1.75
다주,핑맨,2.0
다주,행돌,0.25
다주,허니츄러스 HoneyChurros,0.25
다주,후추,151.75
담유이 DamYui,강소연 Youtube,0.25
담유이 DamYui,강지,1.0
담유이 DamYui,나나양,0.25
담유이 DamYui,동수칸TV,0.25
담유이 DamYui,디디디용 DDDDragon,0.5
담유이 DamYui,따효니DDaHyoNi,0.25
담유이 DamYui,러너,1.0
담유이 DamYui,망내 MangNae,0.5
담유이 DamYui,빅헤드,1.0
담유이 DamYui,아빠킹,1.0
담유이 DamYui,양띵 유튜브,0.5
담유이 DamYui,연비니,0.25
담유이 DamYui,오화요 Ohwayo,1.5
담유이 DamYui,치킨쿤,0.25
담유이 DamYui,코렛트YouTube,1.0
담유이 DamYui,플레임[이호종],0.25
담유이 DamYui,핑맨,0.25
담유이 DamYui,허니츄러스 HoneyChurros,2.75
대월향,견자희 스튜디오,1.0
대월향,공파리파,1.0
대월향,금사향,1.0
대월향,델로략국,1.0
대월향,러끼,2.0
대월향,사모장,1.0
대월향,아구이뽀 A924,3.0
대월향,양아지,3.0
대월향,쫀득TV,1.0
대월향,코시,1.0
대월향,푸린,1.0
댕균,Youtube고차비,0.25
댕균,강지,0.25
댕균,김뿡,0.25
댕균,나나양,0.25
댕균,다주,0.25
댕균,동수칸TV,0.25
댕균,레드,1.25
댕균,류제홍 RYUJEHONG,1.0
댕균,명예훈장,0.25
댕균,빅헤드,1.25
댕균,실프,0.5
댕균,아야 AyaUke,0.25
댕균,악녀,1.25
댕균,얍얍,1.0
댕균,양띵 유튜브,0.25
댕균,연비니,0.25
댕균,인간젤리,0.25
댕균,핑맨,0.5
델로략국,Hyang Ah Chi 향아치,0.25
델로략국,강소연 Youtube,0.25
델로략국,강지,0.25
델로략국,김뿡,1.25
델로략국,뇨롱이_YouTube,2.5
델로략국,동수칸TV,0.25
델로략국,러끼,0.75
델로략국,레드,0.25
델로략국,마레플로스,1.5
델로략국,명예훈장,0.25
델로략국,모아,0.25
델로략국,미녕이데려오깨,1.25
델로략국,사모장,1.0
델로략국,실프,0.25
델로략국,아구이뽀 A924,0.25
델로략국,앵보,8.0
델로략국,얍얍,1.0
델로략국,양띵 유튜브,0.25
델로략국,양아지,0.25
델로략국,여까네 유튜브,3.0
델로략국,연비니,1.0
델로략국,왈도쿤,10.5
델로략국,이무지,1.25
델로략국,이오몽,0.5
델로략국,장마군,7.0
델로략국,플레임[이호종],0.25
델로략국,피닉스박,0.25
도티 TV,KevinStudio 케빈스튜디오,1.0
도티 TV,샘웨,2.0
도티 TV,순당무,1.0
도티 TV,압둘알리과로사,1.0
도티 TV,양아지,1.0
도티 TV,유콘,1.0
도티 TV,플레임[이호종],4.0
동수칸TV,강소연 Youtube,0.25
동수칸TV,강지,0.75
동수칸TV,괴물쥐 유튜브,1.75
동수칸TV,금휘,0.25
동수칸TV,김똘복,1.0
동수칸TV,김뿡,1.75
동수칸TV,나나양,0.25
동수칸TV,노돌리,0.25
동수칸TV,뇨롱이_YouTube,0.25
동수칸TV,다주,3.5
동수칸TV,담유이 DamYui,0.25
동수칸TV,댕균,0.25
동수칸TV,델로략국,0.25
동수칸TV,따효니DDaHyoNi,0.5
동수칸TV,레드,3.0
동수칸TV,명예훈장,4.0
동수칸TV,사모장,1.0
동수칸TV,삼식,3.0
동수칸TV,서넹,1.0
동수칸TV,순당무,0.25
동수칸TV,실프,2.75
동수칸TV,아야 AyaUke,0.25
동수칸TV,양띵 유튜브,5.25
동수칸TV,연비니,0.75
동수칸TV,이로나묭 치카 【Ch. Mao Chika】,0.25
동수칸TV,이춘향,0.75
동수칸TV,채현찌,0.25
동수칸TV,철면수심,0.25
동수칸TV,캡틴잭,0.25
동수칸TV,탬탬버린,0.25
동수칸TV,플레임[이호종],1.5
동수칸TV,피닉스박,1.75
동수칸TV,핑맨,3.0
동수칸TV,후추,0.5
두치와뿌꾸,감스트GAMST,3.0
디디디용 DDDDragon,KevinStudio 케빈스튜디오,1.25
디디디용 DDDDragon,LookSam,1.25
디디디용 DDDDragon,YouTube지누,2.0
디디디용 DDDDragon,강소연 Youtube,0.75
디디디용 DDDDragon,강지,1.25
디디디용 DDDDragon,공룡,3.0
디디디용 DDDDragon,꽃핀,1.5
디디디용 DDDDragon,너불,0.5
디디디용 DDDDragon,뇨롱이_YouTube,1.5
디디디용 DDDDragon,다주,1.0
디디디용 DDDDragon,담유이 DamYui,0.5
디디디용 DDDDragon,동수칸TV,2.0
디디디용 DDDDragon,마레플로스,1.5
디디디용 DDDDragon,망내 MangNae,1.75
디디디용 DDDDragon,명예훈장,1.0
디디디용 DDDDragon,백곰파,0.25
디디디용 DDDDragon,아구이뽀 A924,1.25
디디디용 DDDDragon,양띵 유튜브,0.25
디디디용 DDDDragon,오화요 Ohwayo,1.0
디디디용 DDDDragon,이로나묭 치카 【Ch. Mao Chika】,1.25
디디디용 DDDDragon,이초홍,1.25
디디디용 DDDDragon,장마군,2.25
디디디용 DDDDragon,채현찌,1.5
디디디용 DDDDragon,철면수심,1.25
디디디용 DDDDragon,콩콩이다,0.25
디디디용 DDDDragon,포포포포 POPOPOPO,0.75
디디디용 DDDDragon,핑맨,0.25
디디디용 DDDDragon,허니츄러스 HoneyChurros,1.5
디디디용 DDDDragon,후추,1.0
따효니DDaHyoNi,YouTube지누,0.5
따효니DDaHyoNi,Youtube고차비,1.0
따효니DDaHyoNi,강소연 Youtube,6.0
따효니DDaHyoNi,강지,0.5
따효니DDaHyoNi,김뚜띠,0.5
따효니DDaHyoNi,김뿡,2.5
따효니DDaHyoNi,너불,0.5
따효니DDaHyoNi,다주,1.0
따효니DDaHyoNi,담유이 DamYui,0.25
따효니DDaHyoNi,동수칸TV,0.5
따효니DDaHyoNi,러너,0.25
따효니DDaHyoNi,명예훈장,0.25
따효니DDaHyoNi,삼식,7.0
따효니DDaHyoNi,아라하시 타비 ARAHASHI TABI,0.25
따효니DDaHyoNi,얍얍,0.25
따효니DDaHyoNi,양띵 유튜브,0.75
따효니DDaHyoNi,인간젤리,60.75
따효니DDaHyoNi,임나은,0.25
따효니DDaHyoNi,채현찌,1.25
따효니DDaHyoNi,철면수심,0.25
따효니DDaHyoNi,치킨쿤,0.25
따효니DDaHyoNi,캡틴잭,0.25
따효니DDaHyoNi,탬탬버린,1.5
따효니DDaHyoNi,플레임[이호종],0.75
따효니DDaHyoNi,피닉스박,2.5
따효니DDaHyoNi,핑맨,0.25
따효니DDaHyoNi,허니츄러스 HoneyChurros,0.25
따효니DDaHyoNi,후추,0.25
똘킹,감블러,0.5
똘킹,꽃핀,0.25
똘킹,양아지,0.5
똘킹,왈도쿤,0.5
똘킹,이춘향,0.5
똘킹,코렛트YouTube,0.25
똘킹,탬탬버린,0.25
라디유,Hyang Ah Chi 향아치,5.75
라디유,러끼,1.0
라디유,류으미,2.0
라디유,세노,0.25
라디유,악녀,1.25
라디유,악동 김블루,1.25
라디유,앵보,0.25
라디유,에렌디라,0.5
라디유,연비니,0.25
라디유,원정상,0.25
라디유,유콘,1.25
라디유,코아 TV,1.0
랄로,괴물쥐 유튜브,0.25
램램,YouTube지누,13.25
램램,Youtube고차비,3.0
램램,강소연 Youtube,1.0
램램,강지,1.75
램램,김똘복,4.25
램램,김뚜띠,17.5
램램,김뿡,5.25
램램,꽃핀,10.5
램램,끠끼,1.0
램램,나나양,41.75
램램,너불,2.0
램램,다주,1.5
램램,댕균,1.0
램램,머독,1.0
램램,백곰파,0.25
램램,빅헤드,2.0
램램,서넹,1.0
램램,설백,5.5
램램,수탉,1.0
램램,아구이뽀 A924,1.75
램램,악녀,22.5
램램,얍얍,0.25
램램,연비니,0.5
램램,이초홍,0.5
램램,이춘향,13.25
램램,임나은,2.0
램램,짬타수아,1.0
램램,채현찌,1.5
램램,탬탬버린,7.25
램램,푸린,4.5
램램,피닉스박,0.75
램램,허니츄러스 HoneyChurros,0.25
러끼,Hyang Ah Chi 향아치,1.25
러끼,YouTube지누,1.0
러끼,강소연 Youtube,0.25
러끼,뇨롱이_YouTube,0.25
러끼,델로략국,0.75
러끼,마레플로스,2.25
러끼,모아,1.5
러끼,부쿠키,0.5
러끼,쁘허,1.0
러끼,사모장,2.0
러끼,악녀,0.25
러끼,압둘알리과로사,1.0
러끼,앵보,0.5
러끼,여까네 유튜브,0.5
러끼,연비니,0.25
러끼,왈도쿤,4.0
러끼,윤이샘,3.0
러끼,이무지,5.5
러끼,이오몽,4.5
러끼,이춘향,1.0
러끼,장마군,0.5
러끼,탬탬버린,1.0
러너,강소연 Youtube,2.25
러너,금사향,2.0
러너,너불,0.75
러너,다주,2.0
러너,동수칸TV,1.0
러너,따효니DDaHyoNi,3.25
러너,망개,0.5
러너,빅헤드,0.75
러너,삼식,1.0
러너,서넹,0.75
러너,아야츠노 유니 AYATSUNO YUNI,0.25
러너,얍얍,1.5
러너,양띵 유튜브,0.5
러너,양아지,2.25
러너,왈도쿤,0.25
러너,이춘향,0.5
러너,인간젤리,2.0
러너,일루전 ILLUSION,0.5
러너,철면수심,1.0
러너,치킨쿤,0.5
러너,탬탬버린,1.25
러너,플레임[이호종],0.5
러너,핑맨,0.75
러너,후추,1.0
레드,1분마뫄,1.0
레드,KevinStudio 케빈스튜디오,9.0
레드,LookSam,8.0
레드,강지,8.25
레드,괴물쥐 유튜브,0.5
레드,금휘,2.25
레드,김똘복,0.5
레드,김뿡,1.5
레드,꽃핀,5.0
레드,너불,2.0
레드,뇨롱이_YouTube,5.25
레드,다주,2.0
레드,댕균,0.25
레드,델로략국,0.25
레드,동수칸TV,4.0
레드,디디디용 DDDDragon,7.0
레드,마레플로스,5.0
레드,망내 MangNae,5.0
레드,명예훈장,5.0
레드,백곰파,1.0
레드,사모장,2.5
레드,서넹,1.25
레드,실프,3.5
레드,아구이뽀 A924,5.0
레드,아야 AyaUke,0.25
레드,악동 김블루,0.25
레드,양띵 유튜브,3.0
레드,연비니,0.5
레드,오화요 Ohwayo,2.0
레드,이로나묭 치카 【Ch. Mao Chika】,5.25
레드,이초홍,5.0
레드,이춘향,0.25
레드,임나은,0.25
레드,장마군,8.0
레드,철면수심,8.0
레드,콩콩이다,9.0
레드,탬탬버린,0.25
레드,플레임[이호종],1.5
레드,피닉스박,0.75
레드,핑맨,2.5
레드,후추,4.0
루태TV,YouTube지누,0.5
루태TV,다주,109.75
루태TV,삼식,109.75
루태TV,서넹,109.75
루태TV,양띵 유튜브,100.0
루태TV,콩콩이다,109.75
루태TV,후추,109.75
류시호 RyuSiho,블레어 로즈 Blaire Rose,3.75
류시호 RyuSiho,비올레타 모네 Violeta Mone,1.75
류시호 RyuSiho,포포포포 POPOPOPO,1.75
류시호 RyuSiho,하시요 HaSiyo,1.75
류으미,Hyang Ah Chi 향아치,2.0
류으미,김똘복,1.0
류으미,라디유,22.0
류으미,러끼,1.0
류으미,악녀,7.0
류으미,앵보,1.0
류으미,에렌디라,5.0
류으미,원정상,1.0
류으미,코시,2.0
류으미,코아 TV,1.0
마레플로스,Hyang Ah Chi 향아치,1.25
마레플로스,KevinStudio 케빈스튜디오,1.25
마레플로스,LookSam,1.25
마레플로스,강소연 Youtube,1.75
마레플로스,강지,1.25
마레플로스,꽃핀,1.75
마레플로스,뇨롱이_YouTube,2.5
마레플로스,다주,0.25
마레플로스,델로략국,0.5
마레플로스,디디디용 DDDDragon,1.5
마레플로스,러끼,2.25
마레플로스,망내 MangNae,1.25
마레플로스,백곰파,0.5
마레플로스,부쿠키,0.25
마레플로스,사모장,0.25
마레플로스,아구이뽀 A924,1.25
마레플로스,앵보,1.0
마레플로스,양띵 유튜브,0.5
마레플로스,양아지,0.25
마레플로스,여까네 유튜브,1.5
마레플로스,왈도쿤,1.0
마레플로스,위도 W2RDØ,0.5
마레플로스,유콘,0.25
마레플로스,이로나묭 치카 【Ch. Mao Chika】,1.25
마레플로스,이무지,2.0
마레플로스,이오몽,2.25
마레플로스,이초홍,1.25
마레플로스,장마군,4.0
마레플로스,철면수심,1.25
마레플로스,텐코 시부키 TENKO SHIBUKI,0.25
마젯 Mazet,미녕이데려오깨,3.0
마젯 Mazet,부쿠키,3.0
마젯 Mazet,세노,3.0
마젯 Mazet,아쿠루 akuru,1.0
마젯 Mazet,앵보,3.0
마젯 Mazet,왈도쿤,1.0
마젯 Mazet,위도 W2RDØ,4.0
마젯 Mazet,이오몽,4.0
만득유튜브,YouTube지누,0.25
만득유튜브,너불,25.0
만득유튜브,다주,0.25
만득유튜브,멋사유튜브,0.25
만득유튜브,삐부찡,0.25
만득유튜브,서넹,0.25
만득유튜브,수닝유튜브,25.0
만득유튜브,아론 페이지,0.25
만득유튜브,양띵 유튜브,0.25
만득유튜브,이춘향,0.25
만득유튜브,임나은,0.25
만득유튜브,중력유튜브,25.0
만득유튜브,핑맨,26.0
망개,감블러,1.0
망개,금사향,3.0
망개,김뿡,1.0
망개,꽃핀,3.0
망개,러너,2.5
망개,빅헤드,0.5
망개,새옴,1.0
망개,서넹,0.5
망개,설백,1.0
망개,실프,3.0
망개,얍얍,1.0
망개,윤이샘,2.0
망개,인간젤리,0.5
망개,임나은,2.0
망개,치킨쿤,0.5
망내 MangNae,KevinStudio 케빈스튜디오,1.25
망내 MangNae,LookSam,1.25
망내 MangNae,강지,1.25
망내 MangNae,꽃핀,1.25
망내 MangNae,너불,1.0
망내 MangNae,뇨롱이_YouTube,1.25
망내 MangNae,담유이 DamYui,0.5
망내 MangNae,디디디용 DDDDragon,1.75
망내 MangNae,마레플로스,1.25
망내 MangNae,아구이뽀 A924,1.25
망내 MangNae,오화요 Ohwayo,0.5
망내 MangNae,이로나묭 치카 【Ch. Mao Chika】,1.25
망내 MangNae,이초홍,1.25
망내 MangNae,장마군,1.25
망내 MangNae,철면수심,1.25
망내 MangNae,허니츄러스 HoneyChurros,5.5
머독,꽃핀,0.25
머독,끠끼,4.25
머독,대월향,1.0
머독,레드,1.0
머독,빅헤드,0.25
머독,수탉,8.0
머독,짬타수아,0.25
머독,허니츄러스 HoneyChurros,1.0
멋사유튜브,LookSam,0.25
멋사유튜브,Youtube고차비,6.0
멋사유튜브,강지,4.25
멋사유튜브,괴물쥐 유튜브,0.25
멋사유튜브,너불,29.5
멋사유튜브,뇨롱이_YouTube,1.0
멋사유튜브,다주,0.25
멋사유튜브,댕균,1.0
멋사유튜브,따효니DDaHyoNi,1.0
멋사유튜브,만득유튜브,0.25
멋사유튜브,부쿠키,1.0
멋사유튜브,빅헤드,1.0
멋사유튜브,삐부찡,0.25
멋사유튜브,삼식,2.0
멋사유튜브,서넹,0.25
멋사유튜브,설백,1.0
멋사유튜브,실프,1.0
멋사유튜브,아구이뽀 A924,0.25
멋사유튜브,아론 페이지,0.25
멋사유튜브,아오쿠모 린 AOKUMO RIN,3.0
멋사유튜브,악어 유튜브,21.25
멋사유튜브,양띵 유튜브,0.5
멋사유튜브,연비니,0.25
멋사유튜브,이춘향,2.25
멋사유튜브,인간젤리,1.0
멋사유튜브,임나은,0.25
멋사유튜브,장마군,2.0
멋사유튜브,중력유튜브,21.25
멋사유튜브,쫀득TV,2.0
멋사유튜브,탬탬버린,2.0
멋사유튜브,피닉스박,1.0
멋사유튜브,핑맨,2.0
멋사유튜브,하나코 나나 HANAKO NANA,0.5
멋사유튜브,허니츄러스 HoneyChurros,3.0
명예훈장,강지,0.25
명예훈장,괴물쥐 유튜브,0.75
명예훈장,금휘,0.25
명예훈장,김똘복,0.75
명예훈장,김뚜띠,0.25
명예훈장,김뿡,2.0
명예훈장,노돌리,0.5
명예훈장,뇨롱이_YouTube,0.25
명예훈장,다주,2.75
명예훈장,댕균,0.25
명예훈장,델로략국,0.25
명예훈장,동수칸TV,4.0
명예훈장,따효니DDaHyoNi,0.25
명예훈장,레드,3.0
명예훈장,백곰파,0.25
명예훈장,쁘허,0.25
명예훈장,사모장,0.5
명예훈장,삼식,0.75
명예훈장,서넹,0.75
명예훈장,실프,2.75
명예훈장,아야 AyaUke,0.25
명예훈장,악녀,0.25
명예훈장,양띵 유튜브,3.75
명예훈장,연비니,0.5
명예훈장,이로나묭 치카 【Ch. Mao Chika】,0.25
명예훈장,이춘향,0.5
명예훈장,임나은,0.25
명예훈장,채현찌,0.5
명예훈장,캡틴잭,0.25
명예훈장,탬탬버린,0.75
명예훈장,플레임[이호종],1.25
명예훈장,피닉스박,1.25
명예훈장,핑맨,2.75
명예훈장,하나코 나나 HANAKO NANA,0.25
명예훈장,후추,0.25
모아,다주,0.5
모아,델로략국,1.25
모아,러끼,4.5
모아,밍모,0.25
모아,부쿠키,1.25
모아,삼식,0.75
모아,서넹,0.75
모아,세노,1.0
모아,앵보,2.25
모아,양띵 유튜브,0.75
모아,연비니,1.5
모아,왈도쿤,1.0
모아,이무지,0.25
모아,이오몽,1.0
모아,콩콩이다,0.25
모아,텔론,0.25
모아,하지유,1.0
모아,후추,0.75
미녕이데려오깨,공룡,1.0
미녕이데려오깨,델로략국,0.25
미녕이데려오깨,라디유,2.0
미녕이데려오깨,러끼,5.0
미녕이데려오깨,마젯 Mazet,1.0
미녕이데려오깨,부쿠키,1.5
미녕이데려오깨,세노,0.25
미녕이데려오깨,압둘알리과로사,1.0
미녕이데려오깨,앵보,1.75
미녕이데려오깨,양아지,7.75
미녕이데려오깨,왈도쿤,1.75
미녕이데려오깨,위도 W2RDØ,0.5
미녕이데려오깨,이오몽,3.25
미녕이데려오깨,장마군,0.25
미녕이데려오깨,희지,1.0
밍모,모아,0.25
밍모,텔론,0.25
백곰파,1분마뫄,0.25
백곰파,Hyang Ah Chi 향아치,0.25
백곰파,YouTube지누,2.0
백곰파,Youtube고차비,0.75
백곰파,강소연 Youtube,0.25
백곰파,강지,5.5
백곰파,괴물쥐 유튜브,0.25
백곰파,금사향,0.25
백곰파,금휘,2.75
백곰파,김똘복,1.25
백곰파,김뚜띠,0.5
백곰파,김뿡,2.5
백곰파,꼬예유 & 한예찬의 게임저장소,0.25
백곰파,꽃핀,0.5
백곰파,노돌리,0.25
백곰파,뇨롱이_YouTube,1.5
백곰파,다주,0.5
백곰파,디디디용 DDDDragon,0.25
백곰파,램램,0.25
백곰파,마레플로스,0.5
백곰파,명예훈장,0.25
백곰파,빅헤드,2.25
백곰파,쁘허,0.75
백곰파,삐부찡,0.25
백곰파,사모장,0.25
백곰파,삼식,0.25
백곰파,설백,0.25
백곰파,시라유키 히나 SHIRAYUKI HINA,0.25
백곰파,실프,0.25
백곰파,아구이뽀 A924,1.25
백곰파,악동 김블루,1.25
백곰파,압둘알리과로사,1.0
백곰파,양띵 유튜브,0.25
백곰파,연비니,1.25
백곰파,왈도쿤,2.5
백곰파,유즈하 리코 YUZUHA RIKO,0.75
백곰파,이춘향,0.5
백곰파,임나은,0.5
백곰파,장마군,2.75
백곰파,채현찌,1.5
백곰파,캡틴잭,0.5
백곰파,탬탬버린,0.25
백곰파,텐코 시부키 TENKO SHIBUKI,0.75
백곰파,푸린,1.25
백곰파,플레임[이호종],0.25
백곰파,피닉스박,0.5
백곰파,핑맨,0.25
백곰파,하나코 나나 HANAKO NANA,0.25
백곰파,행돌,0.25
백곰파,후추,0.5
부쿠키,Hyang Ah Chi 향아치,3.0
부쿠키,금사향,0.25
부쿠키,러끼,12.5
부쿠키,마레플로스,8.25
부쿠키,모아,1.25
부쿠키,미녕이데려오깨,0.5
부쿠키,빅헤드,1.25
부쿠키,사모장,0.25
부쿠키,세노,1.25
부쿠키,아쿠루 akuru,1.25
부쿠키,앵보,3.75
부쿠키,양띵 유튜브,1.5
부쿠키,연비니,0.25
부쿠키,왈도쿤,0.25
부쿠키,위도 W2RDØ,1.5
부쿠키,윤이샘,0.25
부쿠키,이무지,6.25
부쿠키,이오몽,10.75
부쿠키,이춘향,0.25
부쿠키,장마군,1.0
부쿠키,탬탬버린,1.0
부쿠키,하지유,1.25
부쿠키,후추,1.0
부쿠키,희지,0.75
블레어 로즈 Blaire Rose,류시호 RyuSiho,1.75
블레어 로즈 Blaire Rose,비올레타 모네 Violeta Mone,1.75
블레어 로즈 Blaire Rose,탬탬버린,1.0
블레어 로즈 Blaire Rose,포포포포 POPOPOPO,1.75
블레어 로즈 Blaire Rose,하시요 HaSiyo,1.75
비올레타 모네 Violeta Mone,류시호 RyuSiho,1.75
비올레타 모네 Violeta Mone,블레어 로즈 Blaire Rose,1.75
비올레타 모네 Violeta Mone,포포포포 POPOPOPO,1.75
비올레타 모네 Violeta Mone,하시요 HaSiyo,1.75
빅헤드,YouTube지누,0.5
빅헤드,Youtube고차비,0.25
빅헤드,강지,0.75
빅헤드,김똘복,0.25
빅헤드,김뚜띠,0.25
빅헤드,김뿡,0.5
빅헤드,꽃핀,0.25
빅헤드,끠끼,0.25
빅헤드,나나양,0.25
빅헤드,너불,0.75
빅헤드,노돌리,0.5
빅헤드,댕균,0.25
빅헤드,러너,0.75
빅헤드,망개,0.5
빅헤드,머독,0.25
빅헤드,백곰파,3.25
빅헤드,부쿠키,0.25
빅헤드,삐부찡,0.25
빅헤드,삼식,0.25
빅헤드,서넹,0.75
빅헤드,수탉,0.25
빅헤드,실프,0.5
빅헤드,악녀,0.25
빅헤드,악동 김블루,0.25
빅헤드,양아지,1.5
빅헤드,이춘향,0.25
빅헤드,인간젤리,0.75
빅헤드,임나은,0.75
빅헤드,짬타수아,0.25
빅헤드,치킨쿤,1.5
빅헤드,탬탬버린,1.75
빅헤드,푸린,0.25
빅헤드,핑맨,0.5
빅헤드,허니츄러스 HoneyChurros,1.0
쁘허,김뿡,0.25
쁘허,꽃핀,0.5
쁘허,다주,0.25
쁘허,러끼,2.0
쁘허,명예훈장,0.25
쁘허,백곰파,0.75
쁘허,악녀,0.25
쁘허,유콘,0.25
쁘허,임나은,0.25
쁘허,채현찌,0.25
쁘허,캡틴잭,0.5
쁘허,태경 TV,8.0
삐부찡,김뿡,2.0
삐부찡,꽃핀,5.0
삐부찡,나나양,3.0
삐부찡,뇨롱이_YouTube,1.0
삐부찡,다주,2.25
삐부찡,따효니DDaHyoNi,1.0
삐부찡,러너,2.0
삐부찡,만득유튜브,0.25
삐부찡,멋사유튜브,0.25
삐부찡,백곰파,2.25
삐부찡,빅헤드,0.25
삐부찡,삼식,1.0
삐부찡,서넹,2.25
삐부찡,설백,1.0
삐부찡,아구이뽀 A924,1.25
삐부찡,아론 페이지,0.25
삐부찡,악녀,1.0
삐부찡,앵보,1.0
삐부찡,얍얍,2.0
삐부찡,양띵 유튜브,0.25
삐부찡,연비니,1.0
삐부찡,왈도쿤,1.0
삐부찡,이춘향,5.25
삐부찡,인간젤리,2.0
삐부찡,일루전 ILLUSION,3.0
삐부찡,임나은,1.0
삐부찡,채현찌,3.0
삐부찡,치킨쿤,1.0
삐부찡,코렛트YouTube,2.0
삐부찡,탬탬버린,11.25
사모장,1분마뫄,0.25
사모장,강지,0.25
사모장,괴물쥐 유튜브,0.25
사모장,금사향,0.25
사모장,김똘복,0.25
사모장,김뿡,0.25
사모장,뇨롱이_YouTube,0.25
사모장,다주,0.25
사모장,델로략국,1.0
사모장,동수칸TV,1.0
사모장,러끼,2.0
사모장,레드,0.5
사모장,마레플로스,0.25
사모장,명예훈장,0.5
사모장,백곰파,0.25
사모장,부쿠키,0.25
사모장,서넹,0.25
사모장,실프,0.25
사모장,아구이뽀 A924,0.25
사모장,압둘알리과로사,0.25
사모장,앵보,0.25
사모장,양띵 유튜브,1.0
사모장,양아지,0.25
사모장,여까네 유튜브,0.25
사모장,연비니,0.5
사모장,왈도쿤,0.5
사모장,이무지,1.0
사모장,이오몽,0.25
사모장,이춘향,0.5
사모장,임나은,0.5
사모장,장마군,0.5
사모장,플레임[이호종],0.5
사모장,피닉스박,0.5
사모장,핑맨,0.25
사모장,행돌,0.25
사키하네 후야 SAKIHANE HUYA,강지,1.0
사키하네 후야 SAKIHANE HUYA,네네코 마시로 NENEKO MASHIRO,1.5
사키하네 후야 SAKIHANE HUYA,삼식,0.25
사키하네 후야 SAKIHANE HUYA,시라유키 히나 SHIRAYUKI HINA,0.5
사키하네 후야 SAKIHANE HUYA,아라하시 타비 ARAHASHI TABI,1.75
사키하네 후야 SAKIHANE HUYA,아야츠노 유니 AYATSUNO YUNI,2.75
사키하네 후야 SAKIHANE HUYA,아카네 리제 AKANE LIZE,0.75
사키하네 후야 SAKIHANE HUYA,양띵 유튜브,0.25
사키하네 후야 SAKIHANE HUYA,유즈하 리코 YUZUHA RIKO,2.0
사키하네 후야 SAKIHANE HUYA,텐코 시부키 TENKO SHIBUKI,1.0
사키하네 후야 SAKIHANE HUYA,하나코 나나 HANAKO NANA,0.75
살구 YouTube,부쿠키,1.0
살구 YouTube,앵보,1.0
살구 YouTube,연비니,1.0
삼식,PAKA,0.25
삼식,T1 Faker,0.25
삼식,YouTube지누,0.75
삼식,Youtube고차비,0.5
삼식,강소연 Youtube,0.5
삼식,강지,1.0
삼식,괴물쥐 유튜브,0.25
삼식,금사향,0.5
삼식,김뚜띠,1.5
삼식,김뿡,1.5
삼식,나부,0.25
삼식,너불,0.5
삼식,다주,64.75
삼식,동수칸TV,1.0
삼식,따효니DDaHyoNi,2.0
삼식,루태TV,9.75
삼식,명예훈장,0.75
삼식,모아,0.75
삼식,백곰파,0.25
삼식,빅헤드,0.25
삼식,사키하네 후야 SAKIHANE HUYA,0.25
삼식,서넹,84.0
삼식,순당무,1.0
삼식,시라유키 히나 SHIRAYUKI HINA,0.75
삼식,아구이뽀 A924,0.25
삼식,아야츠노 유니 AYATSUNO YUNI,0.25
삼식,악녀,0.25
삼식,악동 김블루,0.25
삼식,양띵 유튜브,74.5
삼식,유즈하 리코 YUZUHA RIKO,0.25
삼식,이로나묭 치카 【Ch. Mao Chika】,0.5
삼식,이춘향,1.0
삼식,인간젤리,1.0
삼식,임나은,0.75
삼식,채현찌,0.25
삼식,콩콩이다,59.0
삼식,탬탬버린,6.75
삼식,포피셜,0.25
삼식,풍월량,1.0
삼식,플레임[이호종],0.75
삼식,피닉스박,2.5
삼식,핑맨,0.75
삼식,하나코 나나 HANAKO NANA,0.25
삼식,행돌,0.25
삼식,후추,84.0
새옴,핑맨,1.0
서넹,PAKA,0.25
서넹,YouTube지누,0.75
서넹,강소연 Youtube,2.5
서넹,강지,0.25
서넹,괴물쥐 유튜브,0.5
서넹,김똘복,0.75
서넹,김뿡,0.5
서넹,나부,0.25
서넹,너불,0.25
서넹,다주,87.75
서넹,동수칸TV,1.0
서넹,따효니DDaHyoNi,1.0
서넹,러너,2.75
서넹,레드,0.25
서넹,루태TV,9.75
서넹,만득유튜브,0.25
서넹,망개,0.5
서넹,멋사유튜브,0.25
서넹,명예훈장,2.75
서넹,모아,0.75
서넹,빅헤드,0.75
서넹,삐부찡,0.25
서넹,사모장,0.25
서넹,사키하네 후야 SAKIHANE HUYA,1.0
서넹,삼식,92.0
서넹,실프,0.5
서넹,아론 페이지,1.25
서넹,아야츠노 유니 AYATSUNO YUNI,2.0
서넹,악녀,0.25
서넹,얍얍,0.5
서넹,양띵 유튜브,136.25
서넹,양아지,1.0
서넹,이춘향,1.0
서넹,인간젤리,1.5
서넹,일루전 ILLUSION,0.5
서넹,임나은,1.25
서넹,초승달,0.25
서넹,치킨쿤,0.5
서넹,콩콩이다,59.0
서넹,탬탬버린,0.5
서넹,포피셜,0.25
서넹,푸린,1.0
서넹,플레임[이호종],2.25
서넹,피닉스박,1.25
서넹,핑맨,1.5
서넹,후추,93.25
설백,YouTube지누,6.0
설백,강지,0.25
설백,금사향,0.25
설백,김똘복,2.25
설백,김뿡,1.75
설백,꽃핀,2.25
설백,나나양,1.25
설백,너불,0.75
설백,뇨롱이_YouTube,0.5
설백,램램,2.5
설백,백곰파,1.25
설백,실프,0.5
설백,아구이뽀 A924,2.0
설백,악녀,1.75
설백,양띵 유튜브,0.5
설백,연비니,1.25
설백,왈도쿤,1.0
설백,윤이샘,0.25
설백,이초홍,0.5
설백,임나은,1.0
설백,장마군,0.5
설백,채현찌,1.0
설백,치킨쿤,0.25
설백,탬탬버린,0.75
설백,푸린,2.25
설백,행돌,0.25
설백,후추,0.25
세노,라디유,1.25
세노,미녕이데려오깨,1.25
세노,부쿠키,1.25
세노,아쿠루 akuru,0.5
세노,앵보,0.75
세노,양띵 유튜브,0.25
세노,연비니,0.25
세노,왈도쿤,0.25
세노,위도 W2RDØ,0.5
세노,윤이샘,0.25
세노,이오몽,2.0
세노,희지,1.25
세찬 SECHAN,밍모,1.0
세찬 SECHAN,아이치,1.0
세찬 SECHAN,일루전 ILLUSION,3.0
소니쇼게임방송,Bang,1.0
소니쇼게임방송,금휘,2.0
소니쇼게임방송,위도 W2RDØ,1.0
소니쇼게임방송,짬타수아,1.5
수닝유튜브,YouTube지누,0.25
수닝유튜브,너불,25.0
수닝유튜브,만득유튜브,25.0
수닝유튜브,임나은,0.25
수닝유튜브,중력유튜브,25.0
수닝유튜브,핑맨,25.0
수탉,꽃핀,0.25
수탉,끠끼,1.25
수탉,머독,4.0
수탉,빅헤드,0.25
수탉,짬타수아,0.25
순당무,강소연 Youtube,0.25
순당무,괴물쥐 유튜브,2.5
순당무,동수칸TV,0.25
순당무,랄로,1.0
순당무,압둘알리과로사,5.25
순당무,양아지,0.25
순당무,플레임[이호종],0.25
순당무,피닉스박,0.5
시라유키 히나 SHIRAYUKI HINA,Youtube고차비,8.25
시라유키 히나 SHIRAYUKI HINA,강지,22.25
시라유키 히나 SHIRAYUKI HINA,금사향,0.25
시라유키 히나 SHIRAYUKI HINA,김똘복,2.0
시라유키 히나 SHIRAYUKI HINA,김뚜띠,2.5
시라유키 히나 SHIRAYUKI HINA,김뿡,0.25
시라유키 히나 SHIRAYUKI HINA,너불,0.25
시라유키 히나 SHIRAYUKI HINA,네네코 마시로 NENEKO MASHIRO,8.0
시라유키 히나 SHIRAYUKI HINA,다주,0.25
시라유키 히나 SHIRAYUKI HINA,백곰파,0.25
시라유키 히나 SHIRAYUKI HINA,사키하네 후야 SAKIHANE HUYA,2.5
시라유키 히나 SHIRAYUKI HINA,삼식,1.75
시라유키 히나 SHIRAYUKI HINA,실프,0.25
시라유키 히나 SHIRAYUKI HINA,아구이뽀 A924,0.25
시라유키 히나 SHIRAYUKI HINA,아라하시 타비 ARAHASHI TABI,17.25
시라유키 히나 SHIRAYUKI HINA,아야츠노 유니 AYATSUNO YUNI,3.0
시라유키 히나 SHIRAYUKI HINA,아오쿠모 린 AOKUMO RIN,2.0
시라유키 히나 SHIRAYUKI HINA,아카네 리제 AKANE LIZE,11.0
시라유키 히나 SHIRAYUKI HINA,유즈하 리코 YUZUHA RIKO,4.0
시라유키 히나 SHIRAYUKI HINA,윤가놈,3.0
시라유키 히나 SHIRAYUKI HINA,이춘향,0.25
시라유키 히나 SHIRAYUKI HINA,임나은,2.0
시라유키 히나 SHIRAYUKI HINA,탬탬버린,1.0
시라유키 히나 SHIRAYUKI HINA,텐코 시부키 TENKO SHIBUKI,7.25
시라유키 히나 SHIRAYUKI HINA,피닉스박,1.0
시라유키 히나 SHIRAYUKI HINA,핑맨,2.0
시라유키 히나 SHIRAYUKI HINA,하나코 나나 HANAKO NANA,3.0
실프,YouTube지누,3.75
실프,Youtube고차비,0.5
실프,강지,5.0
실프,괴물쥐 유튜브,2.0
실프,금사향,0.5
실프,김똘복,2.25
실프,김뚜띠,3.0
실프,김뿡,2.75
실프,나나양,0.5
실프,너불,3.5
실프,노돌리,0.25
실프,뇨롱이_YouTube,0.25
실프,다주,4.25
실프,댕균,1.5
실프,델로략국,0.25
실프,동수칸TV,4.75
실프,램램,1.0
실프,레드,2.5
실프,명예훈장,2.75
실프,백곰파,0.25
실프,빅헤드,1.5
실프,사모장,0.25
실프,서넹,0.5
실프,설백,0.5
실프,시라유키 히나 SHIRAYUKI HINA,0.25
실프,아라하시 타비 ARAHASHI TABI,0.25
실프,아야 AyaUke,0.25
실프,아야츠노 유니 AYATSUNO YUNI,0.25
실프,악녀,0.25
실프,양띵 유튜브,2.75
실프,연비니,0.5
실프,이로나묭 치카 【Ch. Mao Chika】,0.25
실프,이춘향,0.5
실프,임나은,2.0
실프,장마군,0.25
실프,채현찌,1.75
실프,치킨쿤,0.25
실프,탬탬버린,2.0
실프,텐코 시부키 TENKO SHIBUKI,0.5
실프,플레임[이호종],1.25
실프,피닉스박,0.75
실프,핑맨,6.5
실프,행돌,0.25
실프,후추,0.25
쌍튜브,강소연 Youtube,4.0
쌍튜브,디디디용 DDDDragon,3.0
아구 TV,아구이뽀 A924,3.0
아구 TV,이오몽,1.0
아구 TV,쫀득TV,1.0
아구이뽀 A924,KevinStudio 케빈스튜디오,1.25
아구이뽀 A924,LookSam,1.25
아구이뽀 A924,YouTube지누,2.5
아구이뽀 A924,강지,2.0
아구이뽀 A924,견자희 스튜디오,0.25
아구이뽀 A924,공파리파,0.25
아구이뽀 A924,금사향,0.5
아구이뽀 A924,김똘복,2.25
아구이뽀 A924,김뚜띠,0.25
아구이뽀 A924,김뿡,4.5
아구이뽀 A924,꽃핀,3.0
아구이뽀 A924,나나양,1.75
아구이뽀 A924,너불,4.0
아구이뽀 A924,뇨롱이_YouTube,1.25
아구이뽀 A924,델로략국,0.25
아구이뽀 A924,디디디용 DDDDragon,2.25
아구이뽀 A924,램램,1.75
아구이뽀 A924,마레플로스,2.25
아구이뽀 A924,망내 MangNae,1.25
아구이뽀 A924,멋사유튜브,0.25
아구이뽀 A924,백곰파,4.25
아구이뽀 A924,삐부찡,0.25
아구이뽀 A924,사모장,0.25
아구이뽀 A924,삼식,0.25
아구이뽀 A924,설백,5.0
아구이뽀 A924,시라유키 히나 SHIRAYUKI HINA,0.25
아구이뽀 A924,악녀,5.5
아구이뽀 A924,악어 유튜브,0.25
아구이뽀 A924,얍얍,0.25
아구이뽀 A924,양띵 유튜브,0.5
아구이뽀 A924,양아지,0.25
아구이뽀 A924,연비니,0.5
아구이뽀 A924,왈도쿤,9.0
아구이뽀 A924,유즈하 리코 YUZUHA RIKO,0.25
아구이뽀 A924,이로나묭 치카 【Ch. Mao Chika】,1.25
아구이뽀 A924,이초홍,1.5
아구이뽀 A924,임나은,0.5
아구이뽀 A924,장마군,5.0
아구이뽀 A924,중력유튜브,0.25
아구이뽀 A924,쫀득TV,0.25
아구이뽀 A924,채현찌,3.0
아구이뽀 A924,철면수심,1.25
아구이뽀 A924,치킨쿤,0.75
아구이뽀 A924,탬탬버린,3.25
아구이뽀 A924,푸린,11.0
아구이뽀 A924,핑맨,0.25
아구이뽀 A924,하나코 나나 HANAKO NANA,0.25
아구이뽀 A924,하시요 HaSiyo,0.25
아구이뽀 A924,후추,1.0
아라하시 타비 ARAHASHI TABI,Youtube고차비,6.0
아라하시 타비 ARAHASHI TABI,강지,7.0
아라하시 타비 ARAHASHI TABI,김뿡,1.5
아라하시 타비 ARAHASHI TABI,너불,1.5
아라하시 타비 ARAHASHI TABI,네네코 마시로 NENEKO MASHIRO,1.75
아라하시 타비 ARAHASHI TABI,다주,1.5
아라하시 타비 ARAHASHI TABI,따효니DDaHyoNi,0.25
아라하시 타비 ARAHASHI TABI,사키하네 후야 SAKIHANE HUYA,2.75
아라하시 타비 ARAHASHI TABI,시라유키 히나 SHIRAYUKI HINA,1.25
아라하시 타비 ARAHASHI TABI,실프,0.25
아라하시 타비 ARAHASHI TABI,아구이뽀 A924,1.0
아라하시 타비 ARAHASHI TABI,아야츠노 유니 AYATSUNO YUNI,2.5
아라하시 타비 ARAHASHI TABI,아오쿠모 린 AOKUMO RIN,1.0
아라하시 타비 ARAHASHI TABI,아카네 리제 AKANE LIZE,2.75
아라하시 타비 ARAHASHI TABI,악동 김블루,1.0
아라하시 타비 ARAHASHI TABI,얍얍,1.0
아라하시 타비 ARAHASHI TABI,양띵 유튜브,0.25
아라하시 타비 ARAHASHI TABI,유즈하 리코 YUZUHA RIKO,1.75
아라하시 타비 ARAHASHI TABI,이춘향,0.25
아라하시 타비 ARAHASHI TABI,임나은,0.25
아라하시 타비 ARAHASHI TABI,쫀득TV,1.0
아라하시 타비 ARAHASHI TABI,탬탬버린,0.25
아라하시 타비 ARAHASHI TABI,텐코 시부키 TENKO SHIBUKI,2.5
아라하시 타비 ARAHASHI TABI,피닉스박,1.0
아라하시 타비 ARAHASHI TABI,핑맨,1.0
아라하시 타비 ARAHASHI TABI,하나코 나나 HANAKO NANA,1.25
아라하시 타비 ARAHASHI TABI,하시요 HaSiyo,1.0
아라하시 타비 ARAHASHI TABI,허니츄러스 HoneyChurros,0.25
아론 페이지,다주,0.25
아론 페이지,만득유튜브,0.25
아론 페이지,멋사유튜브,0.25
아론 페이지,삐부찡,0.25
아론 페이지,서넹,0.25
아론 페이지,아이치,1.0
아론 페이지,양띵 유튜브,0.25
아론 페이지,이춘향,0.25
아야 AyaUke,Bang,1.0
아야 AyaUke,김뿡,0.25
아야 AyaUke,다주,0.25
아야 AyaUke,담유이 DamYui,2.0
아야 AyaUke,댕균,0.25
아야 AyaUke,동수칸TV,0.25
아야 AyaUke,디디디용 DDDDragon,2.0
아야 AyaUke,레드,0.25
아야 AyaUke,망내 MangNae,2.0
아야 AyaUke,명예훈장,0.25
아야 AyaUke,실프,0.25
아야 AyaUke,양띵 유튜브,0.25
아야 AyaUke,연비니,0.25
아야 AyaUke,오화요 Ohwayo,2.0
아야 AyaUke,핑맨,0.25
아야 AyaUke,허니츄러스 HoneyChurros,8.0
아야츠노 유니 AYATSUNO YUNI,PAKA,1.0
아야츠노 유니 AYATSUNO YUNI,Youtube고차비,0.25
아야츠노 유니 AYATSUNO YUNI,강지,6.0
아야츠노 유니 AYATSUNO YUNI,네네코 마시로 NENEKO MASHIRO,1.75
아야츠노 유니 AYATSUNO YUNI,다주,0.25
아야츠노 유니 AYATSUNO YUNI,러너,0.25
아야츠노 유니 AYATSUNO YUNI,사키하네 후야 SAKIHANE HUYA,2.75
아야츠노 유니 AYATSUNO YUNI,삼식,0.25
아야츠노 유니 AYATSUNO YUNI,시라유키 히나 SHIRAYUKI HINA,1.0
아야츠노 유니 AYATSUNO YUNI,실프,0.25
아야츠노 유니 AYATSUNO YUNI,아라하시 타비 ARAHASHI TABI,1.5
아야츠노 유니 AYATSUNO YUNI,아오쿠모 린 AOKUMO RIN,1.0
아야츠노 유니 AYATSUNO YUNI,아카네 리제 AKANE LIZE,1.5
아야츠노 유니 AYATSUNO YUNI,양띵 유튜브,0.5
아야츠노 유니 AYATSUNO YUNI,양아지,0.25
아야츠노 유니 AYATSUNO YUNI,유즈하 리코 YUZUHA RIKO,1.75
아야츠노 유니 AYATSUNO YUNI,임나은,0.25
아야츠노 유니 AYATSUNO YUNI,쫀득TV,1.0
아야츠노 유니 AYATSUNO YUNI,채현찌,1.0
아야츠노 유니 AYATSUNO YUNI,텐코 시부키 TENKO SHIBUKI,2.0
아야츠노 유니 AYATSUNO YUNI,피닉스박,0.25
아야츠노 유니 AYATSUNO YUNI,핑맨,1.25
아야츠노 유니 AYATSUNO YUNI,하나코 나나 HANAKO NANA,1.5
아오니,혜안,2.0
아오쿠모 린 AOKUMO RIN,YouTube지누,1.0
아오쿠모 린 AOKUMO RIN,Youtube고차비,1.0
아오쿠모 린 AOKUMO RIN,강지,11.25
아오쿠모 린 AOKUMO RIN,김뿡,3.0
아오쿠모 린 AOKUMO RIN,너불,1.0
아오쿠모 린 AOKUMO RIN,네네코 마시로 NENEKO MASHIRO,9.0
아오쿠모 린 AOKUMO RIN,노돌리,1.0
아오쿠모 린 AOKUMO RIN,다주,3.0
아오쿠모 린 AOKUMO RIN,빅헤드,1.0
아오쿠모 린 AOKUMO RIN,사키하네 후야 SAKIHANE HUYA,12.0
아오쿠모 린 AOKUMO RIN,시라유키 히나 SHIRAYUKI HINA,9.0
아오쿠모 린 AOKUMO RIN,실프,2.0
아오쿠모 린 AOKUMO RIN,아라하시 타비 ARAHASHI TABI,12.0
아오쿠모 린 AOKUMO RIN,아야츠노 유니 AYATSUNO YUNI,15.0
아오쿠모 린 AOKUMO RIN,아카네 리제 AKANE LIZE,5.0
아오쿠모 린 AOKUMO RIN,유즈하 리코 YUZUHA RIKO,27.0
아오쿠모 린 AOKUMO RIN,이춘향,4.0
아오쿠모 린 AOKUMO RIN,치킨쿤,1.0
아오쿠모 린 AOKUMO RIN,탬탬버린,6.0
아오쿠모 린 AOKUMO RIN,텐코 시부키 TENKO SHIBUKI,23.25
아오쿠모 린 AOKUMO RIN,하나코 나나 HANAKO NANA,14.0
아오쿠모 린 AOKUMO RIN,행돌,1.0
아오쿠모 린 AOKUMO RIN,허니츄러스 HoneyChurros,1.75
아이치,위도 W2RDØ,1.0
아이치,일루전 ILLUSION,0.25
아카네 리제 AKANE LIZE,T1 Faker,1.0
아카네 리제 AKANE LIZE,Youtube고차비,1.0
아카네 리제 AKANE LIZE,강지,29.25
아카네 리제 AKANE LIZE,금휘,6.0
아카네 리제 AKANE LIZE,김똘복,1.0
아카네 리제 AKANE LIZE,김뿡,1.0
아카네 리제 AKANE LIZE,네네코 마시로 NENEKO MASHIRO,1.75
아카네 리제 AKANE LIZE,노돌리,1.0
아카네 리제 AKANE LIZE,백곰파,10.0
아카네 리제 AKANE LIZE,빅헤드,1.0
아카네 리제 AKANE LIZE,사키하네 후야 SAKIHANE HUYA,0.75
아카네 리제 AKANE LIZE,삼식,1.0
아카네 리제 AKANE LIZE,시라유키 히나 SHIRAYUKI HINA,1.0
아카네 리제 AKANE LIZE,아라하시 타비 ARAHASHI TABI,1.75
아카네 리제 AKANE LIZE,아야츠노 유니 AYATSUNO YUNI,1.5
아카네 리제 AKANE LIZE,아오쿠모 린 AOKUMO RIN,1.0
아카네 리제 AKANE LIZE,얍얍,0.25
아카네 리제 AKANE LIZE,양띵 유튜브,1.0
아카네 리제 AKANE LIZE,유즈하 리코 YUZUHA RIKO,1.5
아카네 리제 AKANE LIZE,윤가놈,1.0
아카네 리제 AKANE LIZE,채현찌,1.0
아카네 리제 AKANE LIZE,철면수심,1.0
아카네 리제 AKANE LIZE,캡틴잭,1.0
아카네 리제 AKANE LIZE,탬탬버린,2.0
아카네 리제 AKANE LIZE,텐코 시부키 TENKO SHIBUKI,1.25
아카네 리제 AKANE LIZE,풍월량,1.0
아카네 리제 AKANE LIZE,하나코 나나 HANAKO NANA,1.0
아카네 리제 AKANE LIZE,후추,3.0
아쿠루 akuru,부쿠키,1.25
아쿠루 akuru,세노,0.5
아쿠루 akuru,앵보,2.0
아쿠루 akuru,하지유,1.25
아쿠루 akuru,희지,2.25
악녀,YouTube지누,3.5
악녀,Youtube고차비,0.25
악녀,강소연 Youtube,0.25
악녀,강지,1.0
악녀,금사향,0.25
악녀,김똘복,1.75
악녀,김뚜띠,0.75
악녀,김뿡,2.5
악녀,김왼팔,0.25
악녀,꽃핀,0.75
악녀,나나양,4.0
악녀,너불,1.0
악녀,노돌리,0.5
악녀,뇨롱이_YouTube,0.25
악녀,다주,0.25
악녀,댕균,1.25
악녀,라디유,1.25
악녀,램램,0.5
악녀,러끼,0.25
악녀,명예훈장,0.25
악녀,빅헤드,0.25
악녀,쁘허,0.25
악녀,삼식,0.25
악녀,서넹,0.25
악녀,설백,1.75
악녀,실프,0.25
악녀,아구이뽀 A924,2.5
악녀,악동 김블루,0.25
악녀,앵보,0.25
악녀,얍얍,0.25
악녀,양띵 유튜브,0.5
악녀,에렌디라,0.25
악녀,연비니,0.5
악녀,왈도쿤,1.25
악녀,원정상,0.25
악녀,유콘,0.5
악녀,윤이샘,0.25
악녀,이초홍,0.25
악녀,이춘향,0.5
악녀,임나은,2.25
악녀,채현찌,1.0
악녀,치킨쿤,0.25
악녀,탬탬버린,1.75
악녀,푸린,0.5
악녀,하나코 나나 HANAKO NANA,0.25
악녀,행돌,0.5
악녀,후추,0.25
악동 김블루,YouTube지누,1.0
악동 김블루,Youtube고차비,0.5
악동 김블루,강지,2.25
악동 김블루,금휘,2.0
악동 김블루,김뚜띠,0.25
악동 김블루,김뿡,1.0
악동 김블루,꼬예유 & 한예찬의 게임저장소,1.0
악동 김블루,꽃핀,1.0
악동 김블루,나나양,0.25
악동 김블루,다주,0.25
악동 김블루,라디유,0.25
악동 김블루,레드,0.25
악동 김블루,명예훈장,1.0
악동 김블루,백곰파,8.25
악동 김블루,빅헤드,0.25
악동 김블루,쁘허,2.0
악동 김블루,삼식,0.25
악동 김블루,악녀,0.25
악동 김블루,연비니,1.0
악동 김블루,임나은,0.25
악동 김블루,장마군,1.25
악동 김블루,채현찌,2.25
악동 김블루,캡틴잭,1.0
악동 김블루,코렛트YouTube,1.0
악동 김블루,코아 TV,0.25
악동 김블루,탬탬버린,0.25
악동 김블루,행돌,0.25
악동 김블루,후추,1.25
악어 유튜브,YouTube지누,1.0
악어 유튜브,괴물쥐 유튜브,0.25
악어 유튜브,너불,121.25
악어 유튜브,만득유튜브,100.0
악어 유튜브,멋사유튜브,21.25
악어 유튜브,수닝유튜브,100.0
악어 유튜브,아구이뽀 A924,0.25
악어 유튜브,임나은,1.0
악어 유튜브,중력유튜브,121.25
악어 유튜브,핑맨,100.0
악어 유튜브,하나코 나나 HANAKO NANA,0.5
압둘알리과로사,러끼,1.0
압둘알리과로사,사모장,0.25
압둘알리과로사,순당무,1.25
압둘알리과로사,양아지,0.25
압둘알리과로사,왈도쿤,0.75
앵보,Hyang Ah Chi 향아치,0.25
앵보,강소연 Youtube,0.25
앵보,꽃핀,0.5
앵보,뇨롱이_YouTube,1.0
앵보,델로략국,3.0
앵보,라디유,0.25
앵보,러끼,2.5
앵보,마레플로스,1.0
앵보,모아,0.25
앵보,미녕이데려오깨,3.75
앵보,부쿠키,1.75
앵보,사모장,0.25
앵보,세노,1.75
앵보,악녀,0.25
앵보,여까네 유튜브,1.25
앵보,연비니,1.5
앵보,왈도쿤,7.5
앵보,위도 W2RDØ,0.5
앵보,유콘,0.25
앵보,이무지,0.25
앵보,이오몽,2.5
앵보,장마군,2.0
앵보,치킨쿤,0.25
앵보,희지,0.5
얍얍,PAKA,1.0
얍얍,감블러,1.0
얍얍,강소연 Youtube,8.0
얍얍,강지,1.0
얍얍,괴물쥐 유튜브,4.0
얍얍,김뿡,1.25
얍얍,댕균,1.0
얍얍,동수칸TV,8.0
얍얍,따효니DDaHyoNi,18.25
얍얍,램램,0.25
얍얍,러너,6.5
얍얍,망개,2.0
얍얍,명예훈장,1.0
얍얍,빅헤드,3.0
얍얍,삼식,1.0
얍얍,서넹,2.5
얍얍,아구이뽀 A924,0.25
얍얍,아야츠노 유니 AYATSUNO YUNI,2.0
얍얍,아카네 리제 AKANE LIZE,0.25
얍얍,악녀,0.25
얍얍,이춘향,3.0
얍얍,인간젤리,17.25
얍얍,일루전 ILLUSION,0.5
얍얍,채현찌,0.25
얍얍,치킨쿤,2.0
얍얍,탬탬버린,0.25
얍얍,푸린,2.0
얍얍,플레임[이호종],6.25
얍얍,피닉스박,5.0
양띵 유튜브,Hyang Ah Chi 향아치,0.25
양띵 유튜브,LookSam,0.25
양띵 유튜브,PAKA,0.25
양띵 유튜브,T1 Faker,0.25
양띵 유튜브,YouTube지누,2.25
양띵 유튜브,강소연 Youtube,1.75
양띵 유튜브,강지,2.25
양띵 유튜브,괴물쥐 유튜브,1.0
양띵 유튜브,금사향,1.0
양띵 유튜브,금휘,0.5
양띵 유튜브,김똘복,1.5
양띵 유튜브,김뿡,2.5
양띵 유튜브,나나양,0.25
양띵 유튜브,나부,0.25
양띵 유튜브,너불,0.5
양띵 유튜브,뇨롱이_YouTube,0.5
양띵 유튜브,다주,109.75
양띵 유튜브,담유이 DamYui,0.5
양띵 유튜브,댕균,0.25
양띵 유튜브,델로략국,0.25
양띵 유튜브,동수칸TV,4.25
양띵 유튜브,디디디용 DDDDragon,0.25
양띵 유튜브,따효니DDaHyoNi,0.75
양띵 유튜브,러너,0.5
양띵 유튜브,레드,3.0
양띵 유튜브,루태TV,39.0
양띵 유튜브,마레플로스,0.5
양띵 유튜브,만득유튜브,0.25
양띵 유튜브,멋사유튜브,0.5
양띵 유튜브,명예훈장,3.75
양띵 유튜브,모아,0.75
양띵 유튜브,백곰파,0.25
양띵 유튜브,부쿠키,0.5
양띵 유튜브,삐부찡,0.25
양띵 유튜브,사모장,1.0
양띵 유튜브,사키하네 후야 SAKIHANE HUYA,0.25
양띵 유튜브,삼식,124.5
양띵 유튜브,서넹,123.25
양띵 유튜브,설백,0.5
양띵 유튜브,세노,0.25
양띵 유튜브,실프,2.75
양띵 유튜브,아구이뽀 A924,0.5
양띵 유튜브,아라하시 타비 ARAHASHI TABI,0.25
양띵 유튜브,아론 페이지,0.25
양띵 유튜브,아야 AyaUke,0.25
양띵 유튜브,아야츠노 유니 AYATSUNO YUNI,0.5
양띵 유튜브,악녀,0.5
양띵 유튜브,양아지,0.25
양띵 유튜브,연비니,1.0
양띵 유튜브,위도 W2RDØ,1.0
양띵 유튜브,윤이샘,0.25
양띵 유튜브,이로나묭 치카 【Ch. Mao Chika】,0.5
양띵 유튜브,이오몽,0.25
양띵 유튜브,이춘향,1.0
양띵 유튜브,인간젤리,0.25
양띵 유튜브,임나은,1.25
양띵 유튜브,장마군,0.25
양띵 유튜브,채현찌,0.75
양띵 유튜브,초승달,0.25
양띵 유튜브,치킨쿤,0.25
양띵 유튜브,콩콩이다,96.75
양띵 유튜브,탬탬버린,0.25
양띵 유튜브,텐코 시부키 TENKO SHIBUKI,0.25
양띵 유튜브,포피셜,0.25
양띵 유튜브,플레임[이호종],2.75
양띵 유튜브,피닉스박,1.25
양띵 유튜브,핑맨,3.5
양띵 유튜브,허니츄러스 HoneyChurros,0.5
양띵 유튜브,후추,125.0
양아지,감블러,0.25
양아지,금사향,0.5
양아지,김뚜띠,0.25
양아지,꽃핀,0.25
양아지,델로략국,0.25
양아지,똘킹,0.5
양아지,러너,0.25
양아지,마레플로스,0.25
양아지,미녕이데려오깨,2.75
양아지,빅헤드,0.5
양아지,사모장,0.25
양아지,순당무,0.25
양아지,아구이뽀 A924,0.25
양아지,아야츠노 유니 AYATSUNO YUNI,0.25
양아지,압둘알리과로사,0.25
양아지,양띵 유튜브,0.25
양아지,이춘향,0.5
양아지,코렛트YouTube,0.25
양아지,탬탬버린,0.25
에렌디라,감블러,2.0
에렌디라,꽃핀,5.0
에렌디라,똘킹,17.0
에렌디라,라디유,0.5
에렌디라,악녀,0.25
에렌디라,양아지,2.0
에렌디라,왈도쿤,2.0
에렌디라,이춘향,2.0
에렌디라,코렛트YouTube,1.0
에렌디라,탬탬버린,1.0
에렌디라,핑맨,1.0
여까네 유튜브,Hyang Ah Chi 향아치,0.25
여까네 유튜브,강소연 Youtube,1.25
여까네 유튜브,뇨롱이_YouTube,2.5
여까네 유튜브,델로략국,22.0
여까네 유튜브,러끼,3.5
여까네 유튜브,러너,1.0
여까네 유튜브,마레플로스,4.5
여까네 유튜브,미녕이데려오깨,1.0
여까네 유튜브,부쿠키,1.0
여까네 유튜브,사모장,2.25
여까네 유튜브,앵보,20.25
여까네 유튜브,연비니,3.25
여까네 유튜브,왈도쿤,40.25
여까네 유튜브,위도 W2RDØ,2.0
여까네 유튜브,이무지,24.5
여까네 유튜브,이오몽,3.25
여까네 유튜브,장마군,14.0
연비니,LookSam,0.25
연비니,YouTube지누,25.0
연비니,강지,1.5
연비니,금사향,1.25
연비니,김똘복,9.5
연비니,김뿡,7.25
연비니,꽃핀,10.25
연비니,나나양,4.75
연비니,너불,1.75
연비니,뇨롱이_YouTube,2.75
연비니,다주,0.5
연비니,담유이 DamYui,0.25
연비니,댕균,0.25
연비니,동수칸TV,0.75
연비니,라디유,5.25
연비니,램램,9.5
연비니,러끼,2.25
연비니,레드,0.5
연비니,마레플로스,2.0
연비니,멋사유튜브,0.25
연비니,명예훈장,0.5
연비니,모아,0.5
연비니,백곰파,4.25
연비니,부쿠키,0.25
연비니,쁘허,1.0
연비니,사모장,2.5
연비니,설백,7.25
연비니,세노,0.25
연비니,실프,3.5
연비니,아구이뽀 A924,4.5
연비니,아야 AyaUke,0.25
연비니,악녀,2.5
연비니,악동 김블루,1.0
연비니,앵보,1.5
연비니,양띵 유튜브,1.0
연비니,여까네 유튜브,1.25
연비니,왈도쿤,9.25
연비니,유콘,7.0
연비니,윤이샘,0.25
연비니,이로나묭 치카 【Ch. Mao Chika】,0.25
연비니,이무지,5.25
연비니,이오몽,0.25
연비니,이초홍,1.5
연비니,이춘향,1.0
연비니,임나은,5.25
연비니,장마군,3.5
연비니,쫀득TV,2.0
연비니,채현찌,9.5
연비니,치킨쿤,3.0
연비니,탬탬버린,2.75
연비니,푸린,6.25
연비니,플레임[이호종],0.25
연비니,피닉스박,1.5
연비니,핑맨,0.5
연비니,하지유,1.25
연비니,행돌,0.5
연비니,허니츄러스 HoneyChurros,1.0
오화요 Ohwayo,너불,0.5
오화요 Ohwayo,담유이 DamYui,0.5
오화요 Ohwayo,디디디용 DDDDragon,1.0
오화요 Ohwayo,따효니DDaHyoNi,1.0
오화요 Ohwayo,망내 MangNae,0.5
오화요 Ohwayo,명예훈장,1.0
오화요 Ohwayo,채현찌,1.0
오화요 Ohwayo,탬탬버린,1.0
오화요 Ohwayo,허니츄러스 HoneyChurros,0.5
옥냥이 RoofTopCAT,악녀,1.0
왈도쿤,Hyang Ah Chi 향아치,0.5
왈도쿤,YouTube지누,0.25
왈도쿤,강소연 Youtube,0.5
왈도쿤,금휘,0.75
왈도쿤,꽃핀,0.5
왈도쿤,뇨롱이_YouTube,0.75
왈도쿤,델로략국,6.5
왈도쿤,똘킹,0.5
왈도쿤,러끼,2.0
왈도쿤,러너,0.25
왈도쿤,마레플로스,1.0
왈도쿤,미녕이데려오깨,0.75
왈도쿤,백곰파,2.5
왈도쿤,부쿠키,0.25
왈도쿤,사모장,0.5
왈도쿤,설백,1.0
왈도쿤,세노,0.25
왈도쿤,아구이뽀 A924,2.0
왈도쿤,악녀,1.25
왈도쿤,압둘알리과로사,0.75
왈도쿤,앵보,4.5
왈도쿤,여까네 유튜브,1.25
왈도쿤,연비니,2.25
왈도쿤,유콘,0.25
왈도쿤,이무지,4.75
왈도쿤,이오몽,1.0
왈도쿤,장마군,5.75
왈도쿤,치킨쿤,0.25
왈도쿤,푸린,4.25
왈도쿤,피닉스박,0.75
왈도쿤,허니츄러스 HoneyChurros,0.25
우왁굳,견자희 스튜디오,1.0
우융,각별,1.0
우융,공룡,1.5
우융,잠뜰 TV,0.25
우융,코마,11.25
우융,파이브,11.25
우융,플래그,2.0
우주하마,얍얍,1.0
웁TV,Youtube고차비,1.0
웁TV,공룡,1.0
웁TV,금사향,3.0
웁TV,나나양,2.0
웁TV,위도 W2RDØ,2.0
원정상,라디유,0.25
원정상,악녀,0.25
원정상,쫀득TV,1.0
위도 W2RDØ,금사향,1.25
위도 W2RDØ,마레플로스,0.5
위도 W2RDØ,미녕이데려오깨,0.5
위도 W2RDØ,부쿠키,1.5
위도 W2RDØ,세노,1.5
위도 W2RDØ,앵보,0.5
위도 W2RDØ,얍얍,1.0
위도 W2RDØ,양띵 유튜브,1.0
위도 W2RDØ,윤이샘,0.25
위도 W2RDØ,이무지,0.5
위도 W2RDØ,이오몽,2.5
위도 W2RDØ,희지,0.25
유즈하 리코 YUZUHA RIKO,YouTube지누,0.25
유즈하 리코 YUZUHA RIKO,강지,23.25
유즈하 리코 YUZUHA RIKO,괴물쥐 유튜브,0.25
유즈하 리코 YUZUHA RIKO,금사향,0.25
유즈하 리코 YUZUHA RIKO,김똘복,0.25
유즈하 리코 YUZUHA RIKO,김뿡,0.5
유즈하 리코 YUZUHA RIKO,너불,0.25
유즈하 리코 YUZUHA RIKO,네네코 마시로 NENEKO MASHIRO,2.5
유즈하 리코 YUZUHA RIKO,다주,1.0
유즈하 리코 YUZUHA RIKO,백곰파,0.75
유즈하 리코 YUZUHA RIKO,사키하네 후야 SAKIHANE HUYA,1.0
유즈하 리코 YUZUHA RIKO,삼식,0.25
유즈하 리코 YUZUHA RIKO,시라유키 히나 SHIRAYUKI HINA,2.0
유즈하 리코 YUZUHA RIKO,아구이뽀 A924,0.25
유즈하 리코 YUZUHA RIKO,아라하시 타비 ARAHASHI TABI,1.75
유즈하 리코 YUZUHA RIKO,아야츠노 유니 AYATSUNO YUNI,1.75
유즈하 리코 YUZUHA RIKO,아카네 리제 AKANE LIZE,1.5
유즈하 리코 YUZUHA RIKO,양아지,1.0
유즈하 리코 YUZUHA RIKO,이춘향,6.25
유즈하 리코 YUZUHA RIKO,탬탬버린,6.0
유즈하 리코 YUZUHA RIKO,텐코 시부키 TENKO SHIBUKI,5.75
유즈하 리코 YUZUHA RIKO,피닉스박,0.25
유즈하 리코 YUZUHA RIKO,핑맨,1.0
유즈하 리코 YUZUHA RIKO,하나코 나나 HANAKO NANA,4.0
유즈하 리코 YUZUHA RIKO,행돌,0.25
유콘,Hyang Ah Chi 향아치,1.0
유콘,꽃핀,3.5
유콘,라디유,2.25
유콘,러끼,1.0
유콘,마레플로스,1.25
유콘,쁘허,1.25
유콘,설백,1.0
유콘,악녀,0.5
유콘,앵보,0.25
유콘,양아지,2.0
유콘,연비니,1.0
유콘,왈도쿤,0.25
유콘,치킨쿤,0.25
윤가놈,Youtube고차비,0.25
윤가놈,샘웨,2.0
윤가놈,임나은,0.5
윤가놈,캡틴잭,0.25
윤가놈,후추,0.25
윤이샘,YouTube지누,1.0
윤이샘,감블러,1.0
윤이샘,강지,0.25
윤이샘,꽃핀,0.25
윤이샘,나나양,0.25
윤이샘,너불,0.25
윤이샘,뇨롱이_YouTube,0.25
윤이샘,망개,1.0
윤이샘,밍모,1.0
윤이샘,부쿠키,0.25
윤이샘,설백,2.25
윤이샘,세노,0.25
윤이샘,악녀,0.25
윤이샘,양띵 유튜브,0.25
윤이샘,연비니,0.25
윤이샘,위도 W2RDØ,0.25
윤이샘,이무지,0.25
윤이샘,이오몽,0.5
윤이샘,임나은,1.5
윤이샘,행돌,0.25
윤이샘,허니츄러스 HoneyChurros,1.0
이로나묭 치카 【Ch. Mao Chika】,KevinStudio 케빈스튜디오,1.25
이로나묭 치카 【Ch. Mao Chika】,LookSam,1.25
이로나묭 치카 【Ch. Mao Chika】,강지,1.25
이로나묭 치카 【Ch. Mao Chika】,금사향,0.25
이로나묭 치카 【Ch. Mao Chika】,김똘복,0.25
이로나묭 치카 【Ch. Mao Chika】,김뿡,0.25
이로나묭 치카 【Ch. Mao Chika】,꽃핀,1.25
이로나묭 치카 【Ch. Mao Chika】,너불,1.25
이로나묭 치카 【Ch. Mao Chika】,뇨롱이_YouTube,1.5
이로나묭 치카 【Ch. Mao Chika】,동수칸TV,0.25
이로나묭 치카 【Ch. Mao Chika】,디디디용 DDDDragon,1.25
이로나묭 치카 【Ch. Mao Chika】,레드,0.25
이로나묭 치카 【Ch. Mao Chika】,마레플로스,1.25
이로나묭 치카 【Ch. Mao Chika】,망내 MangNae,1.25
이로나묭 치카 【Ch. Mao Chika】,명예훈장,0.25
이로나묭 치카 【Ch. Mao Chika】,빅헤드,1.0
이로나묭 치카 【Ch. Mao Chika】,삼식,0.5
이로나묭 치카 【Ch. Mao Chika】,설백,1.0
이로나묭 치카 【Ch. Mao Chika】,실프,0.25
이로나묭 치카 【Ch. Mao Chika】,아구이뽀 A924,1.25
이로나묭 치카 【Ch. Mao Chika】,양띵 유튜브,0.5
이로나묭 치카 【Ch. Mao Chika】,연비니,1.25
이로나묭 치카 【Ch. Mao Chika】,이초홍,1.25
이로나묭 치카 【Ch. Mao Chika】,장마군,1.25
이로나묭 치카 【Ch. Mao Chika】,채현찌,0.25
이로나묭 치카 【Ch. Mao Chika】,철면수심,1.25
이로나묭 치카 【Ch. Mao Chika】,플레임[이호종],0.25
이로나묭 치카 【Ch. Mao Chika】,핑맨,0.5
이무지,델로략국,1.25
이무지,러끼,3.5
이무지,마레플로스,2.0
이무지,모아,0.25
이무지,부쿠키,0.25
이무지,사모장,1.0
이무지,앵보,0.25
이무지,여까네 유튜브,0.5
이무지,연비니,1.25
이무지,왈도쿤,3.75
이무지,위도 W2RDØ,0.5
이무지,윤이샘,0.25
이무지,이오몽,1.75
이무지,임나은,0.5
이무지,장마군,0.75
이무지,푸린,0.5
이비온,꼬예유 & 한예찬의 게임저장소,1.0
이오몽,Hyang Ah Chi 향아치,0.5
이오몽,T1 Faker,1.0
이오몽,YouTube지누,0.25
이오몽,강소연 Youtube,0.25
이오몽,김뿡,0.25
이오몽,뇨롱이_YouTube,0.25
이오몽,델로략국,0.5
이오몽,러끼,3.5
이오몽,마레플로스,2.25
이오몽,미녕이데려오깨,2.25
이오몽,부쿠키,1.75
이오몽,사모장,0.25
이오몽,세노,1.0
이오몽,앵보,1.5
이오몽,양띵 유튜브,0.25
이오몽,여까네 유튜브,0.25
이오몽,연비니,0.25
이오몽,왈도쿤,1.0
이오몽,위도 W2RDØ,1.5
이오몽,윤이샘,0.5
이오몽,이무지,1.75
이오몽,장마군,0.5
이오몽,희지,0.25
이초홍,KevinStudio 케빈스튜디오,1.25
이초홍,LookSam,1.25
이초홍,YouTube지누,8.5
이초홍,강소연 Youtube,9.0
이초홍,강지,4.25
이초홍,금사향,1.0
이초홍,금휘,0.25
이초홍,김똘복,2.5
이초홍,김뿡,4.5
이초홍,꽃핀,1.25
이초홍,나나양,5.5
이초홍,너불,1.0
이초홍,뇨롱이_YouTube,10.25
이초홍,다주,9.5
이초홍,동수칸TV,1.0
이초홍,디디디용 DDDDragon,1.25
이초홍,램램,4.5
이초홍,마레플로스,1.25
이초홍,망내 MangNae,1.25
이초홍,백곰파,2.0
이초홍,쁘허,1.0
이초홍,사모장,1.0
이초홍,삼식,1.0
이초홍,설백,3.5
이초홍,아구이뽀 A924,1.5
이초홍,악녀,1.25
이초홍,연비니,7.5
이초홍,유즈하 리코 YUZUHA RIKO,1.0
이초홍,윤이샘,1.0
이초홍,이로나묭 치카 【Ch. Mao Chika】,1.25
이초홍,이춘향,4.0
이초홍,임나은,3.0
이초홍,장마군,1.25
이초홍,채현찌,1.25
이초홍,철면수심,1.25
이초홍,캡틴잭,1.0
이초홍,탬탬버린,1.25
이초홍,텐코 시부키 TENKO SHIBUKI,1.0
이초홍,피닉스박,1.0
이초홍,행돌,4.0
이춘향,Wolf,0.25
이춘향,YouTube지누,1.25
이춘향,Youtube고차비,2.0
이춘향,감블러,0.25
이춘향,강소연 Youtube,0.5
이춘향,강지,5.75
이춘향,괴물쥐 유튜브,0.5
이춘향,금사향,2.0
이춘향,김똘복,1.0
이춘향,김뚜띠,21.25
이춘향,김뿡,11.75
이춘향,꽃핀,1.0
이춘향,나나양,18.0
이춘향,너불,3.75
이춘향,노돌리,1.0
이춘향,다주,4.5
이춘향,동수칸TV,0.75
이춘향,따효니DDaHyoNi,2.0
이춘향,똘킹,0.5
이춘향,램램,8.25
이춘향,러너,0.5
이춘향,레드,0.25
이춘향,만득유튜브,0.25
이춘향,멋사유튜브,0.25
이춘향,명예훈장,2.5
이춘향,백곰파,4.5
이춘향,부쿠키,0.25
이춘향,빅헤드,2.25
이춘향,삐부찡,0.25
이춘향,사모장,0.5
이춘향,삼식,8.0
이춘향,서넹,2.0
이춘향,설백,1.0
이춘향,시라유키 히나 SHIRAYUKI HINA,3.25
이춘향,실프,0.5
이춘향,아구이뽀 A924,2.0
이춘향,아라하시 타비 ARAHASHI TABI,0.25
이춘향,아론 페이지,0.25
이춘향,악녀,1.5
이춘향,얍얍,1.0
이춘향,양띵 유튜브,1.0
이춘향,양아지,0.5
이춘향,연비니,4.0
이춘향,유즈하 리코 YUZUHA RIKO,3.25
이춘향,이로나묭 치카 【Ch. Mao Chika】,2.0
이춘향,이초홍,1.0
이춘향,인간젤리,0.5
이춘향,임나은,2.25
이춘향,채현찌,2.0
이춘향,코렛트YouTube,1.25
이춘향,탬탬버린,36.5
이춘향,텐코 시부키 TENKO SHIBUKI,1.5
이춘향,플레임[이호종],1.5
이춘향,피닉스박,4.75
이춘향,핑맨,0.75
이춘향,하나코 나나 HANAKO NANA,2.25
이춘향,행돌,2.25
인간젤리,YouTube지누,2.0
인간젤리,감블러,0.25
인간젤리,강소연 Youtube,1.25
인간젤리,강지,0.25
인간젤리,김뚜띠,2.0
인간젤리,김뿡,0.5
인간젤리,다주,0.25
인간젤리,댕균,0.25
인간젤리,따효니DDaHyoNi,7.75
인간젤리,러너,1.0
인간젤리,망개,0.5
인간젤리,빅헤드,0.75
인간젤리,삼식,2.0
인간젤리,서넹,0.5
인간젤리,얍얍,0.25
인간젤리,양띵 유튜브,0.25
인간젤리,이춘향,1.5
인간젤리,치킨쿤,0.5
인간젤리,탬탬버린,3.25
인간젤리,푸린,0.25
인간젤리,풍월량,2.0
인간젤리,플레임[이호종],2.0
인간젤리,피닉스박,0.25
일루전 ILLUSION,러너,8.5
일루전 ILLUSION,서넹,0.5
일루전 ILLUSION,아이치,1.25
일루전 ILLUSION,얍얍,0.5
임나은,LookSam,0.25
임나은,YouTube지누,3.5
임나은,Youtube고차비,0.25
임나은,강지,9.5
임나은,금사향,0.75
임나은,김똘복,3.0
임나은,김뚜띠,3.25
임나은,김뿡,1.75
임나은,꽃핀,0.25
임나은,나나양,0.75
임나은,너불,3.0
임나은,뇨롱이_YouTube,0.5
임나은,다주,0.5
임나은,따효니DDaHyoNi,0.25
임나은,러너,1.0
임나은,레드,0.25
임나은,만득유튜브,0.25
임나은,멋사유튜브,0.25
임나은,명예훈장,0.25
임나은,백곰파,1.5
임나은,빅헤드,0.75
임나은,쁘허,0.25
임나은,사모장,0.5
임나은,삼식,1.75
임나은,서넹,0.25
임나은,설백,1.0
임나은,수닝유튜브,0.25
임나은,실프,2.0
임나은,아구이뽀 A924,1.5
임나은,아라하시 타비 ARAHASHI TABI,0.25
임나은,아야츠노 유니 AYATSUNO YUNI,0.25
임나은,악녀,3.25
임나은,악동 김블루,0.25
임나은,양띵 유튜브,1.25
임나은,연비니,2.25
임나은,윤가놈,0.5
임나은,윤이샘,0.5
임나은,이무지,0.5
임나은,이춘향,0.25
임나은,중력유튜브,0.25
임나은,채현찌,2.25
임나은,캡틴잭,0.25
임나은,탬탬버린,4.5
임나은,피닉스박,0.5
임나은,핑맨,2.75
임나은,행돌,1.0
잠뜰 TV,각별,3.75
잠뜰 TV,공룡,4.5
잠뜰 TV,쁘허,1.0
잠뜰 TV,우융,0.25
잠뜰 TV,코마,1.5
잠뜰 TV,파이브,0.25
잠뜰 TV,플래그,0.25
장마군,Hyang Ah Chi 향아치,3.25
장마군,KevinStudio 케빈스튜디오,2.0
장마군,LookSam,2.0
장마군,YouTube지누,0.25
장마군,강소연 Youtube,4.5
장마군,강지,2.0
장마군,금휘,2.25
장마군,김뚜띠,0.25
장마군,꽃핀,2.25
장마군,너불,0.25
장마군,뇨롱이_YouTube,11.75
장마군,다주,0.5
장마군,델로략국,9.0
장마군,디디디용 DDDDragon,2.25
장마군,라디유,1.0
장마군,러끼,12.5
장마군,마레플로스,11.0
장마군,망내 MangNae,1.25
장마군,미녕이데려오깨,2.25
장마군,백곰파,11.75
장마군,사모장,2.5
장마군,설백,1.5
장마군,실프,0.25
장마군,아구이뽀 A924,4.0
장마군,악동 김블루,1.25
장마군,압둘알리과로사,4.0
장마군,앵보,7.0
장마군,양띵 유튜브,0.25
장마군,양아지,2.0
장마군,여까네 유튜브,6.0
장마군,연비니,6.5
장마군,왈도쿤,21.75
장마군,이로나묭 치카 【Ch. Mao Chika】,1.25
장마군,이무지,2.75
장마군,이오몽,2.5
장마군,이초홍,1.25
장마군,쫀득TV,2.0
장마군,채현찌,1.0
장마군,철면수심,3.25
장마군,캡틴잭,0.25
장마군,푸린,2.75
장마군,허니츄러스 HoneyChurros,0.25
장마군,후추,0.25
조밈,꼬예유 & 한예찬의 게임저장소,1.0
조밈,파이브,2.5
중력유튜브,YouTube지누,0.25
중력유튜브,강지,1.0
중력유튜브,견자희 스튜디오,3.0
중력유튜브,공룡,1.0
중력유튜브,괴물쥐 유튜브,0.25
중력유튜브,금사향,1.0
중력유튜브,너불,146.25
중력유튜브,러너,3.0
중력유튜브,만득유튜브,25.0
중력유튜브,멋사유튜브,21.25
중력유튜브,수닝유튜브,25.0
중력유튜브,아구이뽀 A924,0.25
중력유튜브,악어 유튜브,21.25
중력유튜브,임나은,0.25
중력유튜브,핑맨,125.0
중력유튜브,하나코 나나 HANAKO NANA,0.5
중력유튜브,후추,2.0
짬타수아,계화,1.0
짬타수아,꽃핀,0.25
짬타수아,끠끼,0.25
짬타수아,머독,0.25
짬타수아,빅헤드,0.25
짬타수아,소니쇼게임방송,0.5
짬타수아,수탉,0.25
쫀득TV,YouTube지누,0.5
쫀득TV,Youtube고차비,0.5
쫀득TV,견자희 스튜디오,0.25
쫀득TV,공파리파,0.25
쫀득TV,금휘,5.0
쫀득TV,꽃핀,0.25
쫀득TV,너불,0.25
쫀득TV,델로략국,4.0
쫀득TV,새옴,1.0
쫀득TV,아구이뽀 A924,0.25
쫀득TV,왈도쿤,1.0
쫀득TV,원정상,12.0
쫀득TV,윤가놈,8.0
쫀득TV,이초홍,1.0
쫀득TV,임나은,3.0
쫀득TV,장마군,9.0
쫀득TV,채현찌,0.5
쫀득TV,코렛트YouTube,0.25
쫀득TV,푸린,8.25
채현찌,Bang,1.0
채현찌,YouTube지누,11.0
채현찌,강지,0.5
채현찌,금사향,0.25
채현찌,금휘,2.5
채현찌,김똘복,1.75
채현찌,김뚜띠,1.0
채현찌,김뿡,2.25
채현찌,꽃핀,0.75
채현찌,나나양,1.5
채현찌,너불,7.75
채현찌,뇨롱이_YouTube,1.0
채현찌,다주,1.75
채현찌,동수칸TV,0.25
채현찌,디디디용 DDDDragon,0.5
채현찌,따효니DDaHyoNi,0.25
채현찌,램램,0.5
채현찌,명예훈장,2.5
채현찌,백곰파,1.5
채현찌,쁘허,0.25
채현찌,삼식,0.25
채현찌,설백,1.0
채현찌,실프,0.75
채현찌,아구이뽀 A924,3.0
채현찌,아오쿠모 린 AOKUMO RIN,1.0
채현찌,악녀,4.0
채현찌,악동 김블루,0.25
채현찌,얍얍,0.25
채현찌,양띵 유튜브,0.75
채현찌,연비니,3.5
채현찌,이로나묭 치카 【Ch. Mao Chika】,0.25
채현찌,이초홍,0.25
채현찌,임나은,1.25
채현찌,쫀득TV,1.5
채현찌,캡틴잭,0.25
채현찌,콩콩이다,0.25
채현찌,탬탬버린,3.25
채현찌,텐코 시부키 TENKO SHIBUKI,4.0
채현찌,푸린,0.5
채현찌,플레임[이호종],1.0
채현찌,핑맨,0.5
채현찌,후추,2.5
철면수심,KevinStudio 케빈스튜디오,2.0
철면수심,LookSam,2.0
철면수심,강소연 Youtube,0.25
철면수심,강지,2.25
철면수심,꽃핀,1.25
철면수심,뇨롱이_YouTube,1.25
철면수심,다주,0.25
철면수심,동수칸TV,0.25
철면수심,디디디용 DDDDragon,1.25
철면수심,따효니DDaHyoNi,0.25
철면수심,마레플로스,1.25
철면수심,망내 MangNae,1.25
철면수심,아구이뽀 A924,1.25
철면수심,옥냥이 RoofTopCAT,1.0
철면수심,이로나묭 치카 【Ch. Mao Chika】,1.25
철면수심,이초홍,1.25
철면수심,장마군,2.25
철면수심,탬탬버린,0.25
철면수심,풍월량,0.25
철면수심,플레임[이호종],0.25
초승달,강소연 Youtube,0.25
초승달,따효니DDaHyoNi,1.0
초승달,서넹,0.25
초승달,소니쇼게임방송,2.0
초승달,양띵 유튜브,0.25
초승달,짬타수아,6.0
초승달,플레임[이호종],0.25
치킨쿤,YouTube지누,1.75
치킨쿤,강소연 Youtube,0.25
치킨쿤,강지,1.25
치킨쿤,김뚜띠,1.0
치킨쿤,김뿡,2.25
치킨쿤,꽃핀,0.5
치킨쿤,담유이 DamYui,0.25
치킨쿤,따효니DDaHyoNi,0.25
치킨쿤,러너,2.5
치킨쿤,망개,0.5
치킨쿤,백곰파,2.0
치킨쿤,부쿠키,1.0
치킨쿤,빅헤드,9.5
치킨쿤,삐부찡,2.0
치킨쿤,서넹,0.5
치킨쿤,설백,0.25
치킨쿤,실프,0.25
치킨쿤,아구이뽀 A924,2.75
치킨쿤,악녀,0.25
치킨쿤,앵보,0.25
치킨쿤,양띵 유튜브,0.25
치킨쿤,양아지,3.0
치킨쿤,연비니,1.0
치킨쿤,왈도쿤,0.25
치킨쿤,유콘,0.25
치킨쿤,인간젤리,0.5
치킨쿤,탬탬버린,2.0
치킨쿤,텐코 시부키 TENKO SHIBUKI,0.25
치킨쿤,풍월량,1.0
치킨쿤,핑맨,0.25
치킨쿤,행돌,0.25
치킨쿤,허니츄러스 HoneyChurros,0.25
캡틴잭,강소연 Youtube,0.25
캡틴잭,김뚜띠,1.0
캡틴잭,김뿡,0.25
캡틴잭,노돌리,1.0
캡틴잭,뇨롱이_YouTube,2.0
캡틴잭,다주,0.25
캡틴잭,동수칸TV,1.25
캡틴잭,따효니DDaHyoNi,0.25
캡틴잭,뜨뜨뜨뜨,2.0
캡틴잭,명예훈장,1.25
캡틴잭,백곰파,0.5
캡틴잭,쁘허,0.5
캡틴잭,윤가놈,0.25
캡틴잭,임나은,0.25
캡틴잭,장마군,0.25
캡틴잭,채현찌,0.25
캡틴잭,플래그,1.0
캡틴잭,플레임[이호종],1.0
캡틴잭,후추,2.5
케인 TV,공룡,1.0
코뚱잉,류제홍 RYUJEHONG,1.0
코뚱잉,윤가놈,1.0
코렛트YouTube,YouTube지누,2.0
코렛트YouTube,감블러,0.25
코렛트YouTube,끠끼,1.0
코렛트YouTube,똘킹,0.25
코렛트YouTube,램램,1.0
코렛트YouTube,머독,1.0
코렛트YouTube,양아지,0.25
코렛트YouTube,이춘향,0.25
코렛트YouTube,쫀득TV,0.25
코렛트YouTube,탬탬버린,0.75
코렛트YouTube,핑맨,1.0
코마,각별,10.25
코마,공룡,10.75
코마,꼬예유 & 한예찬의 게임저장소,1.0
코마,우융,32.25
코마,잠뜰 TV,7.5
코마,파이브,33.75
코마,파크모,1.0
코마,플래그,5.0
코시,강지,3.0
코시,꽃핀,2.0
코아 TV,김왼팔,3.0
코아 TV,꼬예유 & 한예찬의 게임저장소,7.25
코아 TV,라디유,2.0
코아 TV,악동 김블루,1.25
콩콩이다,PAKA,0.25
콩콩이다,YouTube지누,0.5
콩콩이다,강소연 Youtube,0.25
콩콩이다,괴물쥐 유튜브,0.25
콩콩이다,나부,1.0
콩콩이다,다주,137.5
콩콩이다,디디디용 DDDDragon,0.25
콩콩이다,루태TV,9.75
콩콩이다,모아,2.25
콩콩이다,삼식,159.0
콩콩이다,서넹,159.0
콩콩이다,양띵 유튜브,146.75
콩콩이다,채현찌,0.25
콩콩이다,포피셜,0.25
콩콩이다,플레임[이호종],0.25
콩콩이다,피닉스박,0.25
콩콩이다,후추,159.0
퀸톨 TV,꼬예유 & 한예찬의 게임저장소,9.0
퀸톨 TV,코아 TV,1.0
태경 TV,쁘허,46.0
탬탬버린,T1 Faker,0.25
탬탬버린,YouTube지누,3.25
탬탬버린,Youtube고차비,0.25
탬탬버린,감블러,0.25
탬탬버린,강소연 Youtube,0.25
탬탬버린,강지,2.75
탬탬버린,금사향,0.25
탬탬버린,금휘,0.25
탬탬버린,김똘복,1.25
탬탬버린,김뚜띠,4.0
탬탬버린,김뿡,7.0
탬탬버린,꽃핀,0.25
탬탬버린,나나양,5.5
탬탬버린,너불,1.0
탬탬버린,노돌리,0.5
탬탬버린,뇨롱이_YouTube,0.5
탬탬버린,다주,3.25
탬탬버린,동수칸TV,0.25
탬탬버린,따효니DDaHyoNi,1.5
탬탬버린,똘킹,0.25
탬탬버린,램램,2.25
탬탬버린,러너,0.25
탬탬버린,레드,0.25
탬탬버린,명예훈장,1.75
탬탬버린,백곰파,0.25
탬탬버린,빅헤드,0.75
탬탬버린,삐부찡,0.25
탬탬버린,삼식,5.75
탬탬버린,서넹,0.5
탬탬버린,설백,0.75
탬탬버린,아구이뽀 A924,1.25
탬탬버린,아라하시 타비 ARAHASHI TABI,0.25
탬탬버린,아오쿠모 린 AOKUMO RIN,1.0
탬탬버린,악녀,1.75
탬탬버린,악동 김블루,0.25
탬탬버린,얍얍,0.25
탬탬버린,양띵 유튜브,0.25
탬탬버린,양아지,0.25
탬탬버린,연비니,0.75
탬탬버린,유즈하 리코 YUZUHA RIKO,1.0
탬탬버린,이초홍,0.25
탬탬버린,이춘향,6.5
탬탬버린,인간젤리,0.25
탬탬버린,임나은,1.5
탬탬버린,채현찌,1.25
탬탬버린,철면수심,0.25
탬탬버린,코렛트YouTube,0.75
탬탬버린,텐코 시부키 TENKO SHIBUKI,0.25
탬탬버린,플레임[이호종],0.25
탬탬버린,피닉스박,3.0
탬탬버린,핑맨,0.25
탬탬버린,하나코 나나 HANAKO NANA,0.5
탬탬버린,행돌,0.5
탬탬버린,허니츄러스 HoneyChurros,0.5
테스터훈 TesterHoon,모아,1.0
테스터훈 TesterHoon,밍모,2.0
테스터훈 TesterHoon,텔론,2.0
텐코 시부키 TENKO SHIBUKI,YouTube지누,0.25
텐코 시부키 TENKO SHIBUKI,Youtube고차비,0.5
텐코 시부키 TENKO SHIBUKI,강지,9.0
텐코 시부키 TENKO SHIBUKI,김똘복,0.25
텐코 시부키 TENKO SHIBUKI,김뚜띠,0.25
텐코 시부키 TENKO SHIBUKI,김뿡,1.0
텐코 시부키 TENKO SHIBUKI,너불,0.5
텐코 시부키 TENKO SHIBUKI,네네코 마시로 NENEKO MASHIRO,2.0
텐코 시부키 TENKO SHIBUKI,다주,0.25
텐코 시부키 TENKO SHIBUKI,마레플로스,0.25
텐코 시부키 TENKO SHIBUKI,백곰파,1.75
텐코 시부키 TENKO SHIBUKI,사키하네 후야 SAKIHANE HUYA,2.0
텐코 시부키 TENKO SHIBUKI,시라유키 히나 SHIRAYUKI HINA,3.25
텐코 시부키 TENKO SHIBUKI,실프,0.5
텐코 시부키 TENKO SHIBUKI,아라하시 타비 ARAHASHI TABI,3.5
텐코 시부키 TENKO SHIBUKI,아야츠노 유니 AYATSUNO YUNI,4.0
텐코 시부키 TENKO SHIBUKI,아오쿠모 린 AOKUMO RIN,0.25
텐코 시부키 TENKO SHIBUKI,아카네 리제 AKANE LIZE,2.25
텐코 시부키 TENKO SHIBUKI,악녀,1.0
텐코 시부키 TENKO SHIBUKI,악동 김블루,1.0
텐코 시부키 TENKO SHIBUKI,양띵 유튜브,0.25
텐코 시부키 TENKO SHIBUKI,유즈하 리코 YUZUHA RIKO,4.75
텐코 시부키 TENKO SHIBUKI,이춘향,0.5
텐코 시부키 TENKO SHIBUKI,치킨쿤,0.25
텐코 시부키 TENKO SHIBUKI,탬탬버린,0.25
텐코 시부키 TENKO SHIBUKI,피닉스박,0.5
텐코 시부키 TENKO SHIBUKI,하나코 나나 HANAKO NANA,3.25
텐코 시부키 TENKO SHIBUKI,행돌,0.5
텔론,모아,0.25
텔론,밍모,0.25
파이브,각별,2.25
파이브,공룡,1.75
파이브,꼬예유 & 한예찬의 게임저장소,0.25
파이브,우융,9.25
파이브,잠뜰 TV,0.25
파이브,조밈,0.5
파이브,코마,3.75
파이브,파크모,0.25
파이브,플래그,2.25
파크모,각별,0.25
파크모,공룡,0.25
파크모,꼬예유 & 한예찬의 게임저장소,0.25
파크모,파이브,0.25
파크모,플래그,1.25
포포포포 POPOPOPO,디디디용 DDDDragon,1.75
포포포포 POPOPOPO,류시호 RyuSiho,1.75
포포포포 POPOPOPO,블레어 로즈 Blaire Rose,1.75
포포포포 POPOPOPO,비올레타 모네 Violeta Mone,1.75
포포포포 POPOPOPO,하시요 HaSiyo,1.75
포피셜,괴물쥐 유튜브,1.0
포피셜,노돌리,1.0
포피셜,삼식,0.25
포피셜,서넹,0.25
포피셜,세노,1.0
포피셜,양띵 유튜브,0.25
포피셜,콩콩이다,0.25
포피셜,후추,0.25
푸린,YouTube지누,1.25
푸린,Youtube고차비,0.25
푸린,강지,1.0
푸린,견자희 스튜디오,0.25
푸린,공파리파,0.25
푸린,금사향,1.0
푸린,김왼팔,1.0
푸린,꽃핀,3.0
푸린,나나양,3.75
푸린,너불,1.5
푸린,델로략국,1.0
푸린,램램,6.5
푸린,러끼,3.0
푸린,레드,1.0
푸린,백곰파,2.25
푸린,빅헤드,0.25
푸린,사모장,1.0
푸린,설백,9.25
푸린,실프,1.0
푸린,아구이뽀 A924,15.0
푸린,악녀,9.5
푸린,앵보,1.0
푸린,연비니,7.25
푸린,왈도쿤,15.25
푸린,유콘,1.0
푸린,이로나묭 치카 【Ch. Mao Chika】,1.0
푸린,이무지,7.5
푸린,인간젤리,0.25
푸린,임나은,2.0
푸린,장마군,3.75
푸린,쫀득TV,3.25
푸린,채현찌,1.5
푸린,치킨쿤,1.0
푸린,플레임[이호종],1.0
푸린,핑맨,1.0
풍월량,강지,0.25
풍월량,따효니DDaHyoNi,2.0
풍월량,삼식,1.0
풍월량,쉐리,1.0
풍월량,인간젤리,2.0
풍월량,철면수심,0.25
플래그,각별,0.25
플래그,공룡,2.75
플래그,꼬예유 & 한예찬의 게임저장소,0.25
플래그,우융,2.0
플래그,잠뜰 TV,0.25
플래그,코마,1.0
플래그,파이브,3.25
플래그,파크모,0.25
플레임[이호종],KevinStudio 케빈스튜디오,0.25
플레임[이호종],PAKA,0.25
플레임[이호종],Youtube고차비,0.25
플레임[이호종],감블러,0.25
플레임[이호종],강소연 Youtube,4.25
플레임[이호종],강지,1.25
플레임[이호종],괴물쥐 유튜브,4.25
플레임[이호종],김똘복,0.25
플레임[이호종],김뿡,1.25
플레임[이호종],나나양,0.25
플레임[이호종],뇨롱이_YouTube,0.25
플레임[이호종],다주,1.0
플레임[이호종],담유이 DamYui,0.25
플레임[이호종],델로략국,0.25
플레임[이호종],동수칸TV,3.5
플레임[이호종],따효니DDaHyoNi,0.75
플레임[이호종],러너,0.5
플레임[이호종],레드,1.5
플레임[이호종],명예훈장,1.25
플레임[이호종],백곰파,0.25
플레임[이호종],사모장,0.5
플레임[이호종],삼식,0.75
플레임[이호종],서넹,0.25
플레임[이호종],순당무,2.25
플레임[이호종],실프,1.25
플레임[이호종],얍얍,2.25
플레임[이호종],양띵 유튜브,2.75
플레임[이호종],연비니,0.25
플레임[이호종],유즈하 리코 YUZUHA RIKO,1.0
플레임[이호종],이로나묭 치카 【Ch. Mao Chika】,0.25
플레임[이호종],이춘향,2.5
플레임[이호종],인간젤리,1.0
플레임[이호종],철면수심,0.25
플레임[이호종],초승달,0.25
플레임[이호종],콩콩이다,0.25
플레임[이호종],탬탬버린,0.25
플레임[이호종],피닉스박,4.25
플레임[이호종],핑맨,1.0
플레임[이호종],후추,0.25
피닉스박,PAKA,1.25
피닉스박,YouTube지누,0.75
피닉스박,Youtube고차비,0.25
피닉스박,괴물쥐 유튜브,8.25
피닉스박,김똘복,0.25
피닉스박,김뚜띠,0.5
피닉스박,김뿡,3.25
피닉스박,나나양,0.75
피닉스박,너불,0.5
피닉스박,다주,0.75
피닉스박,델로략국,0.25
피닉스박,동수칸TV,2.75
피닉스박,따효니DDaHyoNi,0.5
피닉스박,랄로,3.0
피닉스박,램램,0.75
피닉스박,레드,0.75
피닉스박,명예훈장,1.25
피닉스박,백곰파,0.5
피닉스박,사모장,0.5
피닉스박,삼식,12.5
피닉스박,서넹,0.25
피닉스박,순당무,0.5
피닉스박,실프,0.75
피닉스박,아야츠노 유니 AYATSUNO YUNI,0.25
피닉스박,양띵 유튜브,1.25
피닉스박,연비니,0.5
피닉스박,왈도쿤,0.75
피닉스박,유즈하 리코 YUZUHA RIKO,0.25
피닉스박,이춘향,1.75
피닉스박,인간젤리,0.25
피닉스박,임나은,0.5
피닉스박,콩콩이다,0.25
피닉스박,탬탬버린,13.0
피닉스박,텐코 시부키 TENKO SHIBUKI,0.5
피닉스박,플레임[이호종],3.25
피닉스박,핑맨,1.25
피닉스박,행돌,0.25
피닉스박,후추,0.25
핑맨,YouTube지누,0.25
핑맨,강소연 Youtube,0.25
핑맨,강지,1.5
핑맨,견자희 스튜디오,0.75
핑맨,공룡,0.25
핑맨,괴물쥐 유튜브,1.75
핑맨,금사향,0.25
핑맨,김똘복,1.5
핑맨,김뚜띠,0.75
핑맨,김뿡,1.75
핑맨,너불,135.75
핑맨,뇨롱이_YouTube,0.25
핑맨,다주,2.0
핑맨,담유이 DamYui,0.25
핑맨,댕균,1.5
핑맨,동수칸TV,3.0
핑맨,디디디용 DDDDragon,0.25
핑맨,따효니DDaHyoNi,0.25
핑맨,러너,0.75
핑맨,레드,2.5
핑맨,만득유튜브,25.0
핑맨,멋사유튜브,85.0
핑맨,명예훈장,2.75
핑맨,백곰파,0.25
핑맨,빅헤드,1.5
핑맨,사모장,0.25
핑맨,삼식,0.75
핑맨,서넹,0.5
핑맨,수닝유튜브,25.0
핑맨,실프,4.5
핑맨,아구이뽀 A924,1.25
핑맨,아야 AyaUke,0.25
핑맨,아야츠노 유니 AYATSUNO YUNI,0.25
핑맨,악어 유튜브,85.0
핑맨,양띵 유튜브,3.5
핑맨,연비니,0.5
핑맨,이로나묭 치카 【Ch. Mao Chika】,0.5
핑맨,이춘향,0.75
핑맨,임나은,2.75
핑맨,중력유튜브,110.0
핑맨,채현찌,0.5
핑맨,치킨쿤,0.25
핑맨,탬탬버린,0.25
핑맨,플레임[이호종],1.0
핑맨,피닉스박,1.25
핑맨,하나코 나나 HANAKO NANA,2.0
핑맨,허니츄러스 HoneyChurros,0.25
핑맨,후추,0.5
하나코 나나 HANAKO NANA,YouTube지누,2.0
하나코 나나 HANAKO NANA,Youtube고차비,3.5
하나코 나나 HANAKO NANA,강지,6.0
하나코 나나 HANAKO NANA,금사향,0.25
하나코 나나 HANAKO NANA,김뿡,2.0
하나코 나나 HANAKO NANA,너불,0.5
하나코 나나 HANAKO NANA,네네코 마시로 NENEKO MASHIRO,1.25
하나코 나나 HANAKO NANA,노돌리,0.25
하나코 나나 HANAKO NANA,레드,1.0
하나코 나나 HANAKO NANA,멋사유튜브,0.5
하나코 나나 HANAKO NANA,명예훈장,0.25
하나코 나나 HANAKO NANA,백곰파,1.25
하나코 나나 HANAKO NANA,사키하네 후야 SAKIHANE HUYA,0.75
하나코 나나 HANAKO NANA,삼식,0.25
하나코 나나 HANAKO NANA,시라유키 히나 SHIRAYUKI HINA,2.0
하나코 나나 HANAKO NANA,아구이뽀 A924,0.25
하나코 나나 HANAKO NANA,아라하시 타비 ARAHASHI TABI,1.25
하나코 나나 HANAKO NANA,아야츠노 유니 AYATSUNO YUNI,1.5
하나코 나나 HANAKO NANA,아카네 리제 AKANE LIZE,1.0
하나코 나나 HANAKO NANA,악녀,0.25
하나코 나나 HANAKO NANA,악어 유튜브,0.5
하나코 나나 HANAKO NANA,유즈하 리코 YUZUHA RIKO,3.0
하나코 나나 HANAKO NANA,이오몽,1.0
하나코 나나 HANAKO NANA,이춘향,0.25
하나코 나나 HANAKO NANA,중력유튜브,0.5
하나코 나나 HANAKO NANA,탬탬버린,1.5
하나코 나나 HANAKO NANA,텐코 시부키 TENKO SHIBUKI,5.25
하시요 HaSiyo,류시호 RyuSiho,1.75
하시요 HaSiyo,블레어 로즈 Blaire Rose,1.75
하시요 HaSiyo,비올레타 모네 Violeta Mone,1.75
하시요 HaSiyo,아구이뽀 A924,0.25
하시요 HaSiyo,포포포포 POPOPOPO,1.75
하지유,델로략국,1.0
하지유,러끼,5.0
하지유,모아,4.0
하지유,미녕이데려오깨,2.0
하지유,부쿠키,8.25
하지유,사모장,3.0
하지유,세노,9.0
하지유,아쿠루 akuru,6.25
하지유,앵보,6.0
하지유,연비니,2.25
하지유,위도 W2RDØ,2.0
하지유,이오몽,4.0
하지유,장마군,1.0
하지유,플레임[이호종],1.0
하지유,희지,8.0
행돌,YouTube지누,0.25
행돌,Youtube고차비,0.25
행돌,강지,0.75
행돌,금사향,0.25
행돌,김똘복,0.25
행돌,김뚜띠,0.5
행돌,김뿡,0.5
행돌,나나양,0.25
행돌,너불,0.5
행돌,뇨롱이_YouTube,0.75
행돌,다주,0.25
행돌,백곰파,0.25
행돌,사모장,0.25
행돌,삼식,0.25
행돌,설백,0.25
행돌,실프,0.25
행돌,악녀,0.5
행돌,악동 김블루,0.25
행돌,연비니,0.5
행돌,유즈하 리코 YUZUHA RIKO,0.25
행돌,윤이샘,0.25
행돌,이춘향,0.25
행돌,임나은,1.0
행돌,치킨쿤,0.25
행돌,탬탬버린,1.5
행돌,텐코 시부키 TENKO SHIBUKI,0.5
행돌,파이브,1.0
행돌,피닉스박,0.25
허니츄러스 HoneyChurros,강소연 Youtube,0.5
허니츄러스 HoneyChurros,김뿡,0.25
허니츄러스 HoneyChurros,꽃핀,0.25
허니츄러스 HoneyChurros,다주,0.25
허니츄러스 HoneyChurros,담유이 DamYui,0.75
허니츄러스 HoneyChurros,디디디용 DDDDragon,0.5
허니츄러스 HoneyChurros,따효니DDaHyoNi,0.25
허니츄러스 HoneyChurros,램램,0.25
허니츄러스 HoneyChurros,망내 MangNae,0.5
허니츄러스 HoneyChurros,아라하시 타비 ARAHASHI TABI,0.25
허니츄러스 HoneyChurros,아오쿠모 린 AOKUMO RIN,0.75
허니츄러스 HoneyChurros,양띵 유튜브,0.5
허니츄러스 HoneyChurros,오화요 Ohwayo,0.5
허니츄러스 HoneyChurros,왈도쿤,0.25
허니츄러스 HoneyChurros,장마군,0.25
허니츄러스 HoneyChurros,치킨쿤,0.25
허니츄러스 HoneyChurros,탬탬버린,0.5
허니츄러스 HoneyChurros,핑맨,0.25
후추,Hyang Ah Chi 향아치,1.0
후추,LookSam,1.0
후추,PAKA,0.25
후추,YouTube지누,1.5
후추,Youtube고차비,0.25
후추,강소연 Youtube,5.5
후추,강지,9.0
후추,괴물쥐 유튜브,3.25
후추,금사향,4.0
후추,금휘,3.25
후추,김똘복,6.25
후추,김뿡,9.25
후추,나나양,1.0
후추,나부,0.25
후추,너불,2.5
후추,뇨롱이_YouTube,2.5
후추,다주,78.75
후추,담유이 DamYui,2.0
후추,댕균,1.0
후추,델로략국,1.0
후추,동수칸TV,17.5
후추,디디디용 DDDDragon,1.0
후추,따효니DDaHyoNi,2.25
후추,레드,12.0
후추,루태TV,9.75
후추,마레플로스,2.0
후추,만득유튜브,1.0
후추,멋사유튜브,2.0
후추,명예훈장,13.25
후추,모아,0.75
후추,백곰파,1.5
후추,부쿠키,2.0
후추,삐부찡,1.0
후추,사모장,4.0
후추,삼식,87.0
후추,서넹,91.25
후추,설백,2.25
후추,세노,1.0
후추,실프,11.25
후추,아구이뽀 A924,2.0
후추,아라하시 타비 ARAHASHI TABI,1.0
후추,아론 페이지,1.0
후추,아야 AyaUke,1.0
후추,악녀,2.25
후추,악동 김블루,0.25
후추,양띵 유튜브,162.0
후추,연비니,4.0
후추,위도 W2RDØ,4.0
후추,윤가놈,0.25
후추,윤이샘,1.0
후추,이로나묭 치카 【Ch. Mao Chika】,2.0
후추,이오몽,1.0
후추,이춘향,4.0
후추,임나은,4.0
후추,장마군,1.25
후추,채현찌,3.5
후추,초승달,1.0
후추,치킨쿤,1.0
후추,캡틴잭,0.5
후추,콩콩이다,60.0
후추,텐코 시부키 TENKO SHIBUKI,1.0
후추,포피셜,0.25
후추,플레임[이호종],8.25
후추,피닉스박,3.25
후추,핑맨,13.5
후추,허니츄러스 HoneyChurros,2.0
휘용 Hwiyong,Youtube고차비,1.0
휘용 Hwiyong,꽃핀,1.0
휘용 Hwiyong,쫀득TV,1.0
희지,마젯 Mazet,1.0
희지,미녕이데려오깨,1.0
희지,부쿠키,3.75
희지,세노,1.25
희지,아쿠루 akuru,0.25
희지,앵보,5.5
희지,위도 W2RDØ,1.25
희지,이오몽,3.25
희지,하지유,1.0
